Copyright 1986-2022 Xilinx, Inc. All Rights Reserved. Copyright 2022-2026 Advanced Micro Devices, Inc. All Rights Reserved.
---------------------------------------------------------------------------------------------------------------------------------------------
| Tool Version : Vivado v.2025.2.1 (lin64) Build 6403652 Thu Mar 19 13:47:00 MDT 2026
| Date         : Sun May  3 14:03:42 2026
| Host         : cachyos-ybi-tuf running 64-bit CachyOS
| Command      : report_drc -file /home/ybi/WaveTensor/synth/reports/pod_2x2_2x2_impl_drc.rpt
| Design       : Pod
| Device       : xcau25p-ffvb676-2-e
| Speed File   : -2
| Design State : Fully Routed
---------------------------------------------------------------------------------------------------------------------------------------------

Report DRC

Table of Contents
-----------------
1. REPORT SUMMARY
2. REPORT DETAILS

1. REPORT SUMMARY
-----------------
            Netlist: netlist
          Floorplan: checkpoint_pod_2x2_2x2_synth
      Design limits: <entire design considered>
           Ruledeck: default
             Max checks: <unlimited>
             Checks found: 457
+-----------+----------+------------------------+--------+
| Rule      | Severity | Description            | Checks |
+-----------+----------+------------------------+--------+
| DPIP-2    | Warning  | Input pipelining       | 224    |
| DPOP-3    | Warning  | PREG Output pipelining | 116    |
| DPOP-4    | Warning  | MREG Output pipelining | 116    |
| RTSTAT-10 | Warning  | No routable loads      | 1      |
+-----------+----------+------------------------+--------+

2. REPORT DETAILS
-----------------
DPIP-2#1 Warning
Input pipelining  
DSP g_crow[0].g_ccol[0].u_cluster/u_matmul_unit/einsum_dot_return0 input g_crow[0].g_ccol[0].u_cluster/u_matmul_unit/einsum_dot_return0/A[29:0] is not pipelined. Pipelining DSP48 input will improve performance.
Related violations: <none>

DPIP-2#2 Warning
Input pipelining  
DSP g_crow[0].g_ccol[0].u_cluster/u_matmul_unit/einsum_dot_return0 input g_crow[0].g_ccol[0].u_cluster/u_matmul_unit/einsum_dot_return0/B[17:0] is not pipelined. Pipelining DSP48 input will improve performance.
Related violations: <none>

DPIP-2#3 Warning
Input pipelining  
DSP g_crow[0].g_ccol[0].u_cluster/u_matmul_unit/einsum_dot_return0__0 input g_crow[0].g_ccol[0].u_cluster/u_matmul_unit/einsum_dot_return0__0/A[29:0] is not pipelined. Pipelining DSP48 input will improve performance.
Related violations: <none>

DPIP-2#4 Warning
Input pipelining  
DSP g_crow[0].g_ccol[0].u_cluster/u_matmul_unit/einsum_dot_return0__0 input g_crow[0].g_ccol[0].u_cluster/u_matmul_unit/einsum_dot_return0__0/B[17:0] is not pipelined. Pipelining DSP48 input will improve performance.
Related violations: <none>

DPIP-2#5 Warning
Input pipelining  
DSP g_crow[0].g_ccol[0].u_cluster/u_matmul_unit/einsum_dot_return0__1 input g_crow[0].g_ccol[0].u_cluster/u_matmul_unit/einsum_dot_return0__1/A[29:0] is not pipelined. Pipelining DSP48 input will improve performance.
Related violations: <none>

DPIP-2#6 Warning
Input pipelining  
DSP g_crow[0].g_ccol[0].u_cluster/u_matmul_unit/einsum_dot_return0__1 input g_crow[0].g_ccol[0].u_cluster/u_matmul_unit/einsum_dot_return0__1/B[17:0] is not pipelined. Pipelining DSP48 input will improve performance.
Related violations: <none>

DPIP-2#7 Warning
Input pipelining  
DSP g_crow[0].g_ccol[0].u_cluster/u_matmul_unit/einsum_hadamard_return0 input g_crow[0].g_ccol[0].u_cluster/u_matmul_unit/einsum_hadamard_return0/A[29:0] is not pipelined. Pipelining DSP48 input will improve performance.
Related violations: <none>

DPIP-2#8 Warning
Input pipelining  
DSP g_crow[0].g_ccol[0].u_cluster/u_matmul_unit/einsum_hadamard_return0 input g_crow[0].g_ccol[0].u_cluster/u_matmul_unit/einsum_hadamard_return0/B[17:0] is not pipelined. Pipelining DSP48 input will improve performance.
Related violations: <none>

DPIP-2#9 Warning
Input pipelining  
DSP g_crow[0].g_ccol[0].u_cluster/u_matmul_unit/einsum_hadamard_return0__0 input g_crow[0].g_ccol[0].u_cluster/u_matmul_unit/einsum_hadamard_return0__0/A[29:0] is not pipelined. Pipelining DSP48 input will improve performance.
Related violations: <none>

DPIP-2#10 Warning
Input pipelining  
DSP g_crow[0].g_ccol[0].u_cluster/u_matmul_unit/einsum_hadamard_return0__0 input g_crow[0].g_ccol[0].u_cluster/u_matmul_unit/einsum_hadamard_return0__0/B[17:0] is not pipelined. Pipelining DSP48 input will improve performance.
Related violations: <none>

DPIP-2#11 Warning
Input pipelining  
DSP g_crow[0].g_ccol[0].u_cluster/u_matmul_unit/einsum_mat_vec_return0 input g_crow[0].g_ccol[0].u_cluster/u_matmul_unit/einsum_mat_vec_return0/A[29:0] is not pipelined. Pipelining DSP48 input will improve performance.
Related violations: <none>

DPIP-2#12 Warning
Input pipelining  
DSP g_crow[0].g_ccol[0].u_cluster/u_matmul_unit/einsum_mat_vec_return0 input g_crow[0].g_ccol[0].u_cluster/u_matmul_unit/einsum_mat_vec_return0/B[17:0] is not pipelined. Pipelining DSP48 input will improve performance.
Related violations: <none>

DPIP-2#13 Warning
Input pipelining  
DSP g_crow[0].g_ccol[0].u_cluster/u_matmul_unit/einsum_mat_vec_return0 input g_crow[0].g_ccol[0].u_cluster/u_matmul_unit/einsum_mat_vec_return0/C[47:0] is not pipelined. Pipelining DSP48 input will improve performance.
Related violations: <none>

DPIP-2#14 Warning
Input pipelining  
DSP g_crow[0].g_ccol[0].u_cluster/u_matmul_unit/einsum_mat_vec_return0__0 input g_crow[0].g_ccol[0].u_cluster/u_matmul_unit/einsum_mat_vec_return0__0/A[29:0] is not pipelined. Pipelining DSP48 input will improve performance.
Related violations: <none>

DPIP-2#15 Warning
Input pipelining  
DSP g_crow[0].g_ccol[0].u_cluster/u_matmul_unit/einsum_mat_vec_return0__0 input g_crow[0].g_ccol[0].u_cluster/u_matmul_unit/einsum_mat_vec_return0__0/B[17:0] is not pipelined. Pipelining DSP48 input will improve performance.
Related violations: <none>

DPIP-2#16 Warning
Input pipelining  
DSP g_crow[0].g_ccol[0].u_cluster/u_matmul_unit/einsum_mat_vec_return0__0 input g_crow[0].g_ccol[0].u_cluster/u_matmul_unit/einsum_mat_vec_return0__0/C[47:0] is not pipelined. Pipelining DSP48 input will improve performance.
Related violations: <none>

DPIP-2#17 Warning
Input pipelining  
DSP g_crow[0].g_ccol[0].u_cluster/u_matmul_unit/einsum_outer_return0 input g_crow[0].g_ccol[0].u_cluster/u_matmul_unit/einsum_outer_return0/A[29:0] is not pipelined. Pipelining DSP48 input will improve performance.
Related violations: <none>

DPIP-2#18 Warning
Input pipelining  
DSP g_crow[0].g_ccol[0].u_cluster/u_matmul_unit/einsum_outer_return0 input g_crow[0].g_ccol[0].u_cluster/u_matmul_unit/einsum_outer_return0/B[17:0] is not pipelined. Pipelining DSP48 input will improve performance.
Related violations: <none>

DPIP-2#19 Warning
Input pipelining  
DSP g_crow[0].g_ccol[0].u_cluster/u_matmul_unit/euclid_norm_sq_return0 input g_crow[0].g_ccol[0].u_cluster/u_matmul_unit/euclid_norm_sq_return0/A[29:0] is not pipelined. Pipelining DSP48 input will improve performance.
Related violations: <none>

DPIP-2#20 Warning
Input pipelining  
DSP g_crow[0].g_ccol[0].u_cluster/u_matmul_unit/euclid_norm_sq_return0 input g_crow[0].g_ccol[0].u_cluster/u_matmul_unit/euclid_norm_sq_return0/B[17:0] is not pipelined. Pipelining DSP48 input will improve performance.
Related violations: <none>

DPIP-2#21 Warning
Input pipelining  
DSP g_crow[0].g_ccol[0].u_cluster/u_matmul_unit/euclid_norm_sq_return0__0 input g_crow[0].g_ccol[0].u_cluster/u_matmul_unit/euclid_norm_sq_return0__0/A[29:0] is not pipelined. Pipelining DSP48 input will improve performance.
Related violations: <none>

DPIP-2#22 Warning
Input pipelining  
DSP g_crow[0].g_ccol[0].u_cluster/u_matmul_unit/euclid_norm_sq_return0__0 input g_crow[0].g_ccol[0].u_cluster/u_matmul_unit/euclid_norm_sq_return0__0/B[17:0] is not pipelined. Pipelining DSP48 input will improve performance.
Related violations: <none>

DPIP-2#23 Warning
Input pipelining  
DSP g_crow[0].g_ccol[0].u_cluster/u_matmul_unit/euclid_norm_sq_return0__1 input g_crow[0].g_ccol[0].u_cluster/u_matmul_unit/euclid_norm_sq_return0__1/A[29:0] is not pipelined. Pipelining DSP48 input will improve performance.
Related violations: <none>

DPIP-2#24 Warning
Input pipelining  
DSP g_crow[0].g_ccol[0].u_cluster/u_matmul_unit/euclid_norm_sq_return0__1 input g_crow[0].g_ccol[0].u_cluster/u_matmul_unit/euclid_norm_sq_return0__1/B[17:0] is not pipelined. Pipelining DSP48 input will improve performance.
Related violations: <none>

DPIP-2#25 Warning
Input pipelining  
DSP g_crow[0].g_ccol[0].u_cluster/u_matmul_unit/euclid_norm_sq_return0__2 input g_crow[0].g_ccol[0].u_cluster/u_matmul_unit/euclid_norm_sq_return0__2/A[29:0] is not pipelined. Pipelining DSP48 input will improve performance.
Related violations: <none>

DPIP-2#26 Warning
Input pipelining  
DSP g_crow[0].g_ccol[0].u_cluster/u_matmul_unit/euclid_norm_sq_return0__2 input g_crow[0].g_ccol[0].u_cluster/u_matmul_unit/euclid_norm_sq_return0__2/B[17:0] is not pipelined. Pipelining DSP48 input will improve performance.
Related violations: <none>

DPIP-2#27 Warning
Input pipelining  
DSP g_crow[0].g_ccol[0].u_cluster/u_matmul_unit/euclid_norm_sq_return0__3 input g_crow[0].g_ccol[0].u_cluster/u_matmul_unit/euclid_norm_sq_return0__3/A[29:0] is not pipelined. Pipelining DSP48 input will improve performance.
Related violations: <none>

DPIP-2#28 Warning
Input pipelining  
DSP g_crow[0].g_ccol[0].u_cluster/u_matmul_unit/euclid_norm_sq_return0__3 input g_crow[0].g_ccol[0].u_cluster/u_matmul_unit/euclid_norm_sq_return0__3/B[17:0] is not pipelined. Pipelining DSP48 input will improve performance.
Related violations: <none>

DPIP-2#29 Warning
Input pipelining  
DSP g_crow[0].g_ccol[0].u_cluster/u_matmul_unit/euclid_norm_sq_return0__4 input g_crow[0].g_ccol[0].u_cluster/u_matmul_unit/euclid_norm_sq_return0__4/A[29:0] is not pipelined. Pipelining DSP48 input will improve performance.
Related violations: <none>

DPIP-2#30 Warning
Input pipelining  
DSP g_crow[0].g_ccol[0].u_cluster/u_matmul_unit/euclid_norm_sq_return0__4 input g_crow[0].g_ccol[0].u_cluster/u_matmul_unit/euclid_norm_sq_return0__4/B[17:0] is not pipelined. Pipelining DSP48 input will improve performance.
Related violations: <none>

DPIP-2#31 Warning
Input pipelining  
DSP g_crow[0].g_ccol[0].u_cluster/u_matmul_unit/euclid_norm_sq_return0__5 input g_crow[0].g_ccol[0].u_cluster/u_matmul_unit/euclid_norm_sq_return0__5/A[29:0] is not pipelined. Pipelining DSP48 input will improve performance.
Related violations: <none>

DPIP-2#32 Warning
Input pipelining  
DSP g_crow[0].g_ccol[0].u_cluster/u_matmul_unit/euclid_norm_sq_return0__5 input g_crow[0].g_ccol[0].u_cluster/u_matmul_unit/euclid_norm_sq_return0__5/B[17:0] is not pipelined. Pipelining DSP48 input will improve performance.
Related violations: <none>

DPIP-2#33 Warning
Input pipelining  
DSP g_crow[0].g_ccol[0].u_cluster/u_matmul_unit/euclid_norm_sq_return0__6 input g_crow[0].g_ccol[0].u_cluster/u_matmul_unit/euclid_norm_sq_return0__6/A[29:0] is not pipelined. Pipelining DSP48 input will improve performance.
Related violations: <none>

DPIP-2#34 Warning
Input pipelining  
DSP g_crow[0].g_ccol[0].u_cluster/u_matmul_unit/euclid_norm_sq_return0__6 input g_crow[0].g_ccol[0].u_cluster/u_matmul_unit/euclid_norm_sq_return0__6/B[17:0] is not pipelined. Pipelining DSP48 input will improve performance.
Related violations: <none>

DPIP-2#35 Warning
Input pipelining  
DSP g_crow[0].g_ccol[0].u_cluster/u_matmul_unit/matmul_func_return0 input g_crow[0].g_ccol[0].u_cluster/u_matmul_unit/matmul_func_return0/A[29:0] is not pipelined. Pipelining DSP48 input will improve performance.
Related violations: <none>

DPIP-2#36 Warning
Input pipelining  
DSP g_crow[0].g_ccol[0].u_cluster/u_matmul_unit/matmul_func_return0 input g_crow[0].g_ccol[0].u_cluster/u_matmul_unit/matmul_func_return0/B[17:0] is not pipelined. Pipelining DSP48 input will improve performance.
Related violations: <none>

DPIP-2#37 Warning
Input pipelining  
DSP g_crow[0].g_ccol[0].u_cluster/u_matmul_unit/matmul_func_return0 input g_crow[0].g_ccol[0].u_cluster/u_matmul_unit/matmul_func_return0/C[47:0] is not pipelined. Pipelining DSP48 input will improve performance.
Related violations: <none>

DPIP-2#38 Warning
Input pipelining  
DSP g_crow[0].g_ccol[0].u_cluster/u_matmul_unit/matmul_func_return0__0 input g_crow[0].g_ccol[0].u_cluster/u_matmul_unit/matmul_func_return0__0/A[29:0] is not pipelined. Pipelining DSP48 input will improve performance.
Related violations: <none>

DPIP-2#39 Warning
Input pipelining  
DSP g_crow[0].g_ccol[0].u_cluster/u_matmul_unit/matmul_func_return0__0 input g_crow[0].g_ccol[0].u_cluster/u_matmul_unit/matmul_func_return0__0/B[17:0] is not pipelined. Pipelining DSP48 input will improve performance.
Related violations: <none>

DPIP-2#40 Warning
Input pipelining  
DSP g_crow[0].g_ccol[0].u_cluster/u_matmul_unit/matmul_func_return0__0 input g_crow[0].g_ccol[0].u_cluster/u_matmul_unit/matmul_func_return0__0/C[47:0] is not pipelined. Pipelining DSP48 input will improve performance.
Related violations: <none>

DPIP-2#41 Warning
Input pipelining  
DSP g_crow[0].g_ccol[0].u_cluster/u_matmul_unit/matmul_func_return0__1 input g_crow[0].g_ccol[0].u_cluster/u_matmul_unit/matmul_func_return0__1/A[29:0] is not pipelined. Pipelining DSP48 input will improve performance.
Related violations: <none>

DPIP-2#42 Warning
Input pipelining  
DSP g_crow[0].g_ccol[0].u_cluster/u_matmul_unit/matmul_func_return0__1 input g_crow[0].g_ccol[0].u_cluster/u_matmul_unit/matmul_func_return0__1/B[17:0] is not pipelined. Pipelining DSP48 input will improve performance.
Related violations: <none>

DPIP-2#43 Warning
Input pipelining  
DSP g_crow[0].g_ccol[0].u_cluster/u_matmul_unit/matmul_func_return0__1 input g_crow[0].g_ccol[0].u_cluster/u_matmul_unit/matmul_func_return0__1/C[47:0] is not pipelined. Pipelining DSP48 input will improve performance.
Related violations: <none>

DPIP-2#44 Warning
Input pipelining  
DSP g_crow[0].g_ccol[0].u_cluster/u_matmul_unit/matmul_func_return0__2 input g_crow[0].g_ccol[0].u_cluster/u_matmul_unit/matmul_func_return0__2/A[29:0] is not pipelined. Pipelining DSP48 input will improve performance.
Related violations: <none>

DPIP-2#45 Warning
Input pipelining  
DSP g_crow[0].g_ccol[0].u_cluster/u_matmul_unit/matmul_func_return0__2 input g_crow[0].g_ccol[0].u_cluster/u_matmul_unit/matmul_func_return0__2/B[17:0] is not pipelined. Pipelining DSP48 input will improve performance.
Related violations: <none>

DPIP-2#46 Warning
Input pipelining  
DSP g_crow[0].g_ccol[0].u_cluster/u_matmul_unit/matmul_func_return0__2 input g_crow[0].g_ccol[0].u_cluster/u_matmul_unit/matmul_func_return0__2/C[47:0] is not pipelined. Pipelining DSP48 input will improve performance.
Related violations: <none>

DPIP-2#47 Warning
Input pipelining  
DSP g_crow[0].g_ccol[0].u_cluster/u_matmul_unit/matmul_func_return1 input g_crow[0].g_ccol[0].u_cluster/u_matmul_unit/matmul_func_return1/A[29:0] is not pipelined. Pipelining DSP48 input will improve performance.
Related violations: <none>

DPIP-2#48 Warning
Input pipelining  
DSP g_crow[0].g_ccol[0].u_cluster/u_matmul_unit/matmul_func_return1 input g_crow[0].g_ccol[0].u_cluster/u_matmul_unit/matmul_func_return1/B[17:0] is not pipelined. Pipelining DSP48 input will improve performance.
Related violations: <none>

DPIP-2#49 Warning
Input pipelining  
DSP g_crow[0].g_ccol[0].u_cluster/u_matmul_unit/matmul_func_return1__0 input g_crow[0].g_ccol[0].u_cluster/u_matmul_unit/matmul_func_return1__0/A[29:0] is not pipelined. Pipelining DSP48 input will improve performance.
Related violations: <none>

DPIP-2#50 Warning
Input pipelining  
DSP g_crow[0].g_ccol[0].u_cluster/u_matmul_unit/matmul_func_return1__0 input g_crow[0].g_ccol[0].u_cluster/u_matmul_unit/matmul_func_return1__0/B[17:0] is not pipelined. Pipelining DSP48 input will improve performance.
Related violations: <none>

DPIP-2#51 Warning
Input pipelining  
DSP g_crow[0].g_ccol[0].u_cluster/u_matmul_unit/matmul_func_return1__1 input g_crow[0].g_ccol[0].u_cluster/u_matmul_unit/matmul_func_return1__1/A[29:0] is not pipelined. Pipelining DSP48 input will improve performance.
Related violations: <none>

DPIP-2#52 Warning
Input pipelining  
DSP g_crow[0].g_ccol[0].u_cluster/u_matmul_unit/matmul_func_return1__1 input g_crow[0].g_ccol[0].u_cluster/u_matmul_unit/matmul_func_return1__1/B[17:0] is not pipelined. Pipelining DSP48 input will improve performance.
Related violations: <none>

DPIP-2#53 Warning
Input pipelining  
DSP g_crow[0].g_ccol[0].u_cluster/u_matmul_unit/matmul_func_return1__2 input g_crow[0].g_ccol[0].u_cluster/u_matmul_unit/matmul_func_return1__2/A[29:0] is not pipelined. Pipelining DSP48 input will improve performance.
Related violations: <none>

DPIP-2#54 Warning
Input pipelining  
DSP g_crow[0].g_ccol[0].u_cluster/u_matmul_unit/matmul_func_return1__2 input g_crow[0].g_ccol[0].u_cluster/u_matmul_unit/matmul_func_return1__2/B[17:0] is not pipelined. Pipelining DSP48 input will improve performance.
Related violations: <none>

DPIP-2#55 Warning
Input pipelining  
DSP g_crow[0].g_ccol[0].u_cluster/u_matmul_unit/matmul_func_return1__3 input g_crow[0].g_ccol[0].u_cluster/u_matmul_unit/matmul_func_return1__3/A[29:0] is not pipelined. Pipelining DSP48 input will improve performance.
Related violations: <none>

DPIP-2#56 Warning
Input pipelining  
DSP g_crow[0].g_ccol[0].u_cluster/u_matmul_unit/matmul_func_return1__3 input g_crow[0].g_ccol[0].u_cluster/u_matmul_unit/matmul_func_return1__3/B[17:0] is not pipelined. Pipelining DSP48 input will improve performance.
Related violations: <none>

DPIP-2#57 Warning
Input pipelining  
DSP g_crow[0].g_ccol[1].u_cluster/u_matmul_unit/einsum_dot_return0 input g_crow[0].g_ccol[1].u_cluster/u_matmul_unit/einsum_dot_return0/A[29:0] is not pipelined. Pipelining DSP48 input will improve performance.
Related violations: <none>

DPIP-2#58 Warning
Input pipelining  
DSP g_crow[0].g_ccol[1].u_cluster/u_matmul_unit/einsum_dot_return0 input g_crow[0].g_ccol[1].u_cluster/u_matmul_unit/einsum_dot_return0/B[17:0] is not pipelined. Pipelining DSP48 input will improve performance.
Related violations: <none>

DPIP-2#59 Warning
Input pipelining  
DSP g_crow[0].g_ccol[1].u_cluster/u_matmul_unit/einsum_dot_return0__0 input g_crow[0].g_ccol[1].u_cluster/u_matmul_unit/einsum_dot_return0__0/A[29:0] is not pipelined. Pipelining DSP48 input will improve performance.
Related violations: <none>

DPIP-2#60 Warning
Input pipelining  
DSP g_crow[0].g_ccol[1].u_cluster/u_matmul_unit/einsum_dot_return0__0 input g_crow[0].g_ccol[1].u_cluster/u_matmul_unit/einsum_dot_return0__0/B[17:0] is not pipelined. Pipelining DSP48 input will improve performance.
Related violations: <none>

DPIP-2#61 Warning
Input pipelining  
DSP g_crow[0].g_ccol[1].u_cluster/u_matmul_unit/einsum_dot_return0__1 input g_crow[0].g_ccol[1].u_cluster/u_matmul_unit/einsum_dot_return0__1/A[29:0] is not pipelined. Pipelining DSP48 input will improve performance.
Related violations: <none>

DPIP-2#62 Warning
Input pipelining  
DSP g_crow[0].g_ccol[1].u_cluster/u_matmul_unit/einsum_dot_return0__1 input g_crow[0].g_ccol[1].u_cluster/u_matmul_unit/einsum_dot_return0__1/B[17:0] is not pipelined. Pipelining DSP48 input will improve performance.
Related violations: <none>

DPIP-2#63 Warning
Input pipelining  
DSP g_crow[0].g_ccol[1].u_cluster/u_matmul_unit/einsum_hadamard_return0 input g_crow[0].g_ccol[1].u_cluster/u_matmul_unit/einsum_hadamard_return0/A[29:0] is not pipelined. Pipelining DSP48 input will improve performance.
Related violations: <none>

DPIP-2#64 Warning
Input pipelining  
DSP g_crow[0].g_ccol[1].u_cluster/u_matmul_unit/einsum_hadamard_return0 input g_crow[0].g_ccol[1].u_cluster/u_matmul_unit/einsum_hadamard_return0/B[17:0] is not pipelined. Pipelining DSP48 input will improve performance.
Related violations: <none>

DPIP-2#65 Warning
Input pipelining  
DSP g_crow[0].g_ccol[1].u_cluster/u_matmul_unit/einsum_hadamard_return0__0 input g_crow[0].g_ccol[1].u_cluster/u_matmul_unit/einsum_hadamard_return0__0/A[29:0] is not pipelined. Pipelining DSP48 input will improve performance.
Related violations: <none>

DPIP-2#66 Warning
Input pipelining  
DSP g_crow[0].g_ccol[1].u_cluster/u_matmul_unit/einsum_hadamard_return0__0 input g_crow[0].g_ccol[1].u_cluster/u_matmul_unit/einsum_hadamard_return0__0/B[17:0] is not pipelined. Pipelining DSP48 input will improve performance.
Related violations: <none>

DPIP-2#67 Warning
Input pipelining  
DSP g_crow[0].g_ccol[1].u_cluster/u_matmul_unit/einsum_mat_vec_return0 input g_crow[0].g_ccol[1].u_cluster/u_matmul_unit/einsum_mat_vec_return0/A[29:0] is not pipelined. Pipelining DSP48 input will improve performance.
Related violations: <none>

DPIP-2#68 Warning
Input pipelining  
DSP g_crow[0].g_ccol[1].u_cluster/u_matmul_unit/einsum_mat_vec_return0 input g_crow[0].g_ccol[1].u_cluster/u_matmul_unit/einsum_mat_vec_return0/B[17:0] is not pipelined. Pipelining DSP48 input will improve performance.
Related violations: <none>

DPIP-2#69 Warning
Input pipelining  
DSP g_crow[0].g_ccol[1].u_cluster/u_matmul_unit/einsum_mat_vec_return0 input g_crow[0].g_ccol[1].u_cluster/u_matmul_unit/einsum_mat_vec_return0/C[47:0] is not pipelined. Pipelining DSP48 input will improve performance.
Related violations: <none>

DPIP-2#70 Warning
Input pipelining  
DSP g_crow[0].g_ccol[1].u_cluster/u_matmul_unit/einsum_mat_vec_return0__0 input g_crow[0].g_ccol[1].u_cluster/u_matmul_unit/einsum_mat_vec_return0__0/A[29:0] is not pipelined. Pipelining DSP48 input will improve performance.
Related violations: <none>

DPIP-2#71 Warning
Input pipelining  
DSP g_crow[0].g_ccol[1].u_cluster/u_matmul_unit/einsum_mat_vec_return0__0 input g_crow[0].g_ccol[1].u_cluster/u_matmul_unit/einsum_mat_vec_return0__0/B[17:0] is not pipelined. Pipelining DSP48 input will improve performance.
Related violations: <none>

DPIP-2#72 Warning
Input pipelining  
DSP g_crow[0].g_ccol[1].u_cluster/u_matmul_unit/einsum_mat_vec_return0__0 input g_crow[0].g_ccol[1].u_cluster/u_matmul_unit/einsum_mat_vec_return0__0/C[47:0] is not pipelined. Pipelining DSP48 input will improve performance.
Related violations: <none>

DPIP-2#73 Warning
Input pipelining  
DSP g_crow[0].g_ccol[1].u_cluster/u_matmul_unit/einsum_outer_return0 input g_crow[0].g_ccol[1].u_cluster/u_matmul_unit/einsum_outer_return0/A[29:0] is not pipelined. Pipelining DSP48 input will improve performance.
Related violations: <none>

DPIP-2#74 Warning
Input pipelining  
DSP g_crow[0].g_ccol[1].u_cluster/u_matmul_unit/einsum_outer_return0 input g_crow[0].g_ccol[1].u_cluster/u_matmul_unit/einsum_outer_return0/B[17:0] is not pipelined. Pipelining DSP48 input will improve performance.
Related violations: <none>

DPIP-2#75 Warning
Input pipelining  
DSP g_crow[0].g_ccol[1].u_cluster/u_matmul_unit/euclid_norm_sq_return0 input g_crow[0].g_ccol[1].u_cluster/u_matmul_unit/euclid_norm_sq_return0/A[29:0] is not pipelined. Pipelining DSP48 input will improve performance.
Related violations: <none>

DPIP-2#76 Warning
Input pipelining  
DSP g_crow[0].g_ccol[1].u_cluster/u_matmul_unit/euclid_norm_sq_return0 input g_crow[0].g_ccol[1].u_cluster/u_matmul_unit/euclid_norm_sq_return0/B[17:0] is not pipelined. Pipelining DSP48 input will improve performance.
Related violations: <none>

DPIP-2#77 Warning
Input pipelining  
DSP g_crow[0].g_ccol[1].u_cluster/u_matmul_unit/euclid_norm_sq_return0__0 input g_crow[0].g_ccol[1].u_cluster/u_matmul_unit/euclid_norm_sq_return0__0/A[29:0] is not pipelined. Pipelining DSP48 input will improve performance.
Related violations: <none>

DPIP-2#78 Warning
Input pipelining  
DSP g_crow[0].g_ccol[1].u_cluster/u_matmul_unit/euclid_norm_sq_return0__0 input g_crow[0].g_ccol[1].u_cluster/u_matmul_unit/euclid_norm_sq_return0__0/B[17:0] is not pipelined. Pipelining DSP48 input will improve performance.
Related violations: <none>

DPIP-2#79 Warning
Input pipelining  
DSP g_crow[0].g_ccol[1].u_cluster/u_matmul_unit/euclid_norm_sq_return0__1 input g_crow[0].g_ccol[1].u_cluster/u_matmul_unit/euclid_norm_sq_return0__1/A[29:0] is not pipelined. Pipelining DSP48 input will improve performance.
Related violations: <none>

DPIP-2#80 Warning
Input pipelining  
DSP g_crow[0].g_ccol[1].u_cluster/u_matmul_unit/euclid_norm_sq_return0__1 input g_crow[0].g_ccol[1].u_cluster/u_matmul_unit/euclid_norm_sq_return0__1/B[17:0] is not pipelined. Pipelining DSP48 input will improve performance.
Related violations: <none>

DPIP-2#81 Warning
Input pipelining  
DSP g_crow[0].g_ccol[1].u_cluster/u_matmul_unit/euclid_norm_sq_return0__2 input g_crow[0].g_ccol[1].u_cluster/u_matmul_unit/euclid_norm_sq_return0__2/A[29:0] is not pipelined. Pipelining DSP48 input will improve performance.
Related violations: <none>

DPIP-2#82 Warning
Input pipelining  
DSP g_crow[0].g_ccol[1].u_cluster/u_matmul_unit/euclid_norm_sq_return0__2 input g_crow[0].g_ccol[1].u_cluster/u_matmul_unit/euclid_norm_sq_return0__2/B[17:0] is not pipelined. Pipelining DSP48 input will improve performance.
Related violations: <none>

DPIP-2#83 Warning
Input pipelining  
DSP g_crow[0].g_ccol[1].u_cluster/u_matmul_unit/euclid_norm_sq_return0__3 input g_crow[0].g_ccol[1].u_cluster/u_matmul_unit/euclid_norm_sq_return0__3/A[29:0] is not pipelined. Pipelining DSP48 input will improve performance.
Related violations: <none>

DPIP-2#84 Warning
Input pipelining  
DSP g_crow[0].g_ccol[1].u_cluster/u_matmul_unit/euclid_norm_sq_return0__3 input g_crow[0].g_ccol[1].u_cluster/u_matmul_unit/euclid_norm_sq_return0__3/B[17:0] is not pipelined. Pipelining DSP48 input will improve performance.
Related violations: <none>

DPIP-2#85 Warning
Input pipelining  
DSP g_crow[0].g_ccol[1].u_cluster/u_matmul_unit/euclid_norm_sq_return0__4 input g_crow[0].g_ccol[1].u_cluster/u_matmul_unit/euclid_norm_sq_return0__4/A[29:0] is not pipelined. Pipelining DSP48 input will improve performance.
Related violations: <none>

DPIP-2#86 Warning
Input pipelining  
DSP g_crow[0].g_ccol[1].u_cluster/u_matmul_unit/euclid_norm_sq_return0__4 input g_crow[0].g_ccol[1].u_cluster/u_matmul_unit/euclid_norm_sq_return0__4/B[17:0] is not pipelined. Pipelining DSP48 input will improve performance.
Related violations: <none>

DPIP-2#87 Warning
Input pipelining  
DSP g_crow[0].g_ccol[1].u_cluster/u_matmul_unit/euclid_norm_sq_return0__5 input g_crow[0].g_ccol[1].u_cluster/u_matmul_unit/euclid_norm_sq_return0__5/A[29:0] is not pipelined. Pipelining DSP48 input will improve performance.
Related violations: <none>

DPIP-2#88 Warning
Input pipelining  
DSP g_crow[0].g_ccol[1].u_cluster/u_matmul_unit/euclid_norm_sq_return0__5 input g_crow[0].g_ccol[1].u_cluster/u_matmul_unit/euclid_norm_sq_return0__5/B[17:0] is not pipelined. Pipelining DSP48 input will improve performance.
Related violations: <none>

DPIP-2#89 Warning
Input pipelining  
DSP g_crow[0].g_ccol[1].u_cluster/u_matmul_unit/euclid_norm_sq_return0__6 input g_crow[0].g_ccol[1].u_cluster/u_matmul_unit/euclid_norm_sq_return0__6/A[29:0] is not pipelined. Pipelining DSP48 input will improve performance.
Related violations: <none>

DPIP-2#90 Warning
Input pipelining  
DSP g_crow[0].g_ccol[1].u_cluster/u_matmul_unit/euclid_norm_sq_return0__6 input g_crow[0].g_ccol[1].u_cluster/u_matmul_unit/euclid_norm_sq_return0__6/B[17:0] is not pipelined. Pipelining DSP48 input will improve performance.
Related violations: <none>

DPIP-2#91 Warning
Input pipelining  
DSP g_crow[0].g_ccol[1].u_cluster/u_matmul_unit/matmul_func_return0 input g_crow[0].g_ccol[1].u_cluster/u_matmul_unit/matmul_func_return0/A[29:0] is not pipelined. Pipelining DSP48 input will improve performance.
Related violations: <none>

DPIP-2#92 Warning
Input pipelining  
DSP g_crow[0].g_ccol[1].u_cluster/u_matmul_unit/matmul_func_return0 input g_crow[0].g_ccol[1].u_cluster/u_matmul_unit/matmul_func_return0/B[17:0] is not pipelined. Pipelining DSP48 input will improve performance.
Related violations: <none>

DPIP-2#93 Warning
Input pipelining  
DSP g_crow[0].g_ccol[1].u_cluster/u_matmul_unit/matmul_func_return0 input g_crow[0].g_ccol[1].u_cluster/u_matmul_unit/matmul_func_return0/C[47:0] is not pipelined. Pipelining DSP48 input will improve performance.
Related violations: <none>

DPIP-2#94 Warning
Input pipelining  
DSP g_crow[0].g_ccol[1].u_cluster/u_matmul_unit/matmul_func_return0__0 input g_crow[0].g_ccol[1].u_cluster/u_matmul_unit/matmul_func_return0__0/A[29:0] is not pipelined. Pipelining DSP48 input will improve performance.
Related violations: <none>

DPIP-2#95 Warning
Input pipelining  
DSP g_crow[0].g_ccol[1].u_cluster/u_matmul_unit/matmul_func_return0__0 input g_crow[0].g_ccol[1].u_cluster/u_matmul_unit/matmul_func_return0__0/B[17:0] is not pipelined. Pipelining DSP48 input will improve performance.
Related violations: <none>

DPIP-2#96 Warning
Input pipelining  
DSP g_crow[0].g_ccol[1].u_cluster/u_matmul_unit/matmul_func_return0__0 input g_crow[0].g_ccol[1].u_cluster/u_matmul_unit/matmul_func_return0__0/C[47:0] is not pipelined. Pipelining DSP48 input will improve performance.
Related violations: <none>

DPIP-2#97 Warning
Input pipelining  
DSP g_crow[0].g_ccol[1].u_cluster/u_matmul_unit/matmul_func_return0__1 input g_crow[0].g_ccol[1].u_cluster/u_matmul_unit/matmul_func_return0__1/A[29:0] is not pipelined. Pipelining DSP48 input will improve performance.
Related violations: <none>

DPIP-2#98 Warning
Input pipelining  
DSP g_crow[0].g_ccol[1].u_cluster/u_matmul_unit/matmul_func_return0__1 input g_crow[0].g_ccol[1].u_cluster/u_matmul_unit/matmul_func_return0__1/B[17:0] is not pipelined. Pipelining DSP48 input will improve performance.
Related violations: <none>

DPIP-2#99 Warning
Input pipelining  
DSP g_crow[0].g_ccol[1].u_cluster/u_matmul_unit/matmul_func_return0__1 input g_crow[0].g_ccol[1].u_cluster/u_matmul_unit/matmul_func_return0__1/C[47:0] is not pipelined. Pipelining DSP48 input will improve performance.
Related violations: <none>

DPIP-2#100 Warning
Input pipelining  
DSP g_crow[0].g_ccol[1].u_cluster/u_matmul_unit/matmul_func_return0__2 input g_crow[0].g_ccol[1].u_cluster/u_matmul_unit/matmul_func_return0__2/A[29:0] is not pipelined. Pipelining DSP48 input will improve performance.
Related violations: <none>

DPIP-2#101 Warning
Input pipelining  
DSP g_crow[0].g_ccol[1].u_cluster/u_matmul_unit/matmul_func_return0__2 input g_crow[0].g_ccol[1].u_cluster/u_matmul_unit/matmul_func_return0__2/B[17:0] is not pipelined. Pipelining DSP48 input will improve performance.
Related violations: <none>

DPIP-2#102 Warning
Input pipelining  
DSP g_crow[0].g_ccol[1].u_cluster/u_matmul_unit/matmul_func_return0__2 input g_crow[0].g_ccol[1].u_cluster/u_matmul_unit/matmul_func_return0__2/C[47:0] is not pipelined. Pipelining DSP48 input will improve performance.
Related violations: <none>

DPIP-2#103 Warning
Input pipelining  
DSP g_crow[0].g_ccol[1].u_cluster/u_matmul_unit/matmul_func_return1 input g_crow[0].g_ccol[1].u_cluster/u_matmul_unit/matmul_func_return1/A[29:0] is not pipelined. Pipelining DSP48 input will improve performance.
Related violations: <none>

DPIP-2#104 Warning
Input pipelining  
DSP g_crow[0].g_ccol[1].u_cluster/u_matmul_unit/matmul_func_return1 input g_crow[0].g_ccol[1].u_cluster/u_matmul_unit/matmul_func_return1/B[17:0] is not pipelined. Pipelining DSP48 input will improve performance.
Related violations: <none>

DPIP-2#105 Warning
Input pipelining  
DSP g_crow[0].g_ccol[1].u_cluster/u_matmul_unit/matmul_func_return1__0 input g_crow[0].g_ccol[1].u_cluster/u_matmul_unit/matmul_func_return1__0/A[29:0] is not pipelined. Pipelining DSP48 input will improve performance.
Related violations: <none>

DPIP-2#106 Warning
Input pipelining  
DSP g_crow[0].g_ccol[1].u_cluster/u_matmul_unit/matmul_func_return1__0 input g_crow[0].g_ccol[1].u_cluster/u_matmul_unit/matmul_func_return1__0/B[17:0] is not pipelined. Pipelining DSP48 input will improve performance.
Related violations: <none>

DPIP-2#107 Warning
Input pipelining  
DSP g_crow[0].g_ccol[1].u_cluster/u_matmul_unit/matmul_func_return1__1 input g_crow[0].g_ccol[1].u_cluster/u_matmul_unit/matmul_func_return1__1/A[29:0] is not pipelined. Pipelining DSP48 input will improve performance.
Related violations: <none>

DPIP-2#108 Warning
Input pipelining  
DSP g_crow[0].g_ccol[1].u_cluster/u_matmul_unit/matmul_func_return1__1 input g_crow[0].g_ccol[1].u_cluster/u_matmul_unit/matmul_func_return1__1/B[17:0] is not pipelined. Pipelining DSP48 input will improve performance.
Related violations: <none>

DPIP-2#109 Warning
Input pipelining  
DSP g_crow[0].g_ccol[1].u_cluster/u_matmul_unit/matmul_func_return1__2 input g_crow[0].g_ccol[1].u_cluster/u_matmul_unit/matmul_func_return1__2/A[29:0] is not pipelined. Pipelining DSP48 input will improve performance.
Related violations: <none>

DPIP-2#110 Warning
Input pipelining  
DSP g_crow[0].g_ccol[1].u_cluster/u_matmul_unit/matmul_func_return1__2 input g_crow[0].g_ccol[1].u_cluster/u_matmul_unit/matmul_func_return1__2/B[17:0] is not pipelined. Pipelining DSP48 input will improve performance.
Related violations: <none>

DPIP-2#111 Warning
Input pipelining  
DSP g_crow[0].g_ccol[1].u_cluster/u_matmul_unit/matmul_func_return1__3 input g_crow[0].g_ccol[1].u_cluster/u_matmul_unit/matmul_func_return1__3/A[29:0] is not pipelined. Pipelining DSP48 input will improve performance.
Related violations: <none>

DPIP-2#112 Warning
Input pipelining  
DSP g_crow[0].g_ccol[1].u_cluster/u_matmul_unit/matmul_func_return1__3 input g_crow[0].g_ccol[1].u_cluster/u_matmul_unit/matmul_func_return1__3/B[17:0] is not pipelined. Pipelining DSP48 input will improve performance.
Related violations: <none>

DPIP-2#113 Warning
Input pipelining  
DSP g_crow[1].g_ccol[0].u_cluster/u_matmul_unit/einsum_dot_return0 input g_crow[1].g_ccol[0].u_cluster/u_matmul_unit/einsum_dot_return0/A[29:0] is not pipelined. Pipelining DSP48 input will improve performance.
Related violations: <none>

DPIP-2#114 Warning
Input pipelining  
DSP g_crow[1].g_ccol[0].u_cluster/u_matmul_unit/einsum_dot_return0 input g_crow[1].g_ccol[0].u_cluster/u_matmul_unit/einsum_dot_return0/B[17:0] is not pipelined. Pipelining DSP48 input will improve performance.
Related violations: <none>

DPIP-2#115 Warning
Input pipelining  
DSP g_crow[1].g_ccol[0].u_cluster/u_matmul_unit/einsum_dot_return0__0 input g_crow[1].g_ccol[0].u_cluster/u_matmul_unit/einsum_dot_return0__0/A[29:0] is not pipelined. Pipelining DSP48 input will improve performance.
Related violations: <none>

DPIP-2#116 Warning
Input pipelining  
DSP g_crow[1].g_ccol[0].u_cluster/u_matmul_unit/einsum_dot_return0__0 input g_crow[1].g_ccol[0].u_cluster/u_matmul_unit/einsum_dot_return0__0/B[17:0] is not pipelined. Pipelining DSP48 input will improve performance.
Related violations: <none>

DPIP-2#117 Warning
Input pipelining  
DSP g_crow[1].g_ccol[0].u_cluster/u_matmul_unit/einsum_dot_return0__1 input g_crow[1].g_ccol[0].u_cluster/u_matmul_unit/einsum_dot_return0__1/A[29:0] is not pipelined. Pipelining DSP48 input will improve performance.
Related violations: <none>

DPIP-2#118 Warning
Input pipelining  
DSP g_crow[1].g_ccol[0].u_cluster/u_matmul_unit/einsum_dot_return0__1 input g_crow[1].g_ccol[0].u_cluster/u_matmul_unit/einsum_dot_return0__1/B[17:0] is not pipelined. Pipelining DSP48 input will improve performance.
Related violations: <none>

DPIP-2#119 Warning
Input pipelining  
DSP g_crow[1].g_ccol[0].u_cluster/u_matmul_unit/einsum_hadamard_return0 input g_crow[1].g_ccol[0].u_cluster/u_matmul_unit/einsum_hadamard_return0/A[29:0] is not pipelined. Pipelining DSP48 input will improve performance.
Related violations: <none>

DPIP-2#120 Warning
Input pipelining  
DSP g_crow[1].g_ccol[0].u_cluster/u_matmul_unit/einsum_hadamard_return0 input g_crow[1].g_ccol[0].u_cluster/u_matmul_unit/einsum_hadamard_return0/B[17:0] is not pipelined. Pipelining DSP48 input will improve performance.
Related violations: <none>

DPIP-2#121 Warning
Input pipelining  
DSP g_crow[1].g_ccol[0].u_cluster/u_matmul_unit/einsum_hadamard_return0__0 input g_crow[1].g_ccol[0].u_cluster/u_matmul_unit/einsum_hadamard_return0__0/A[29:0] is not pipelined. Pipelining DSP48 input will improve performance.
Related violations: <none>

DPIP-2#122 Warning
Input pipelining  
DSP g_crow[1].g_ccol[0].u_cluster/u_matmul_unit/einsum_hadamard_return0__0 input g_crow[1].g_ccol[0].u_cluster/u_matmul_unit/einsum_hadamard_return0__0/B[17:0] is not pipelined. Pipelining DSP48 input will improve performance.
Related violations: <none>

DPIP-2#123 Warning
Input pipelining  
DSP g_crow[1].g_ccol[0].u_cluster/u_matmul_unit/einsum_mat_vec_return0 input g_crow[1].g_ccol[0].u_cluster/u_matmul_unit/einsum_mat_vec_return0/A[29:0] is not pipelined. Pipelining DSP48 input will improve performance.
Related violations: <none>

DPIP-2#124 Warning
Input pipelining  
DSP g_crow[1].g_ccol[0].u_cluster/u_matmul_unit/einsum_mat_vec_return0 input g_crow[1].g_ccol[0].u_cluster/u_matmul_unit/einsum_mat_vec_return0/B[17:0] is not pipelined. Pipelining DSP48 input will improve performance.
Related violations: <none>

DPIP-2#125 Warning
Input pipelining  
DSP g_crow[1].g_ccol[0].u_cluster/u_matmul_unit/einsum_mat_vec_return0 input g_crow[1].g_ccol[0].u_cluster/u_matmul_unit/einsum_mat_vec_return0/C[47:0] is not pipelined. Pipelining DSP48 input will improve performance.
Related violations: <none>

DPIP-2#126 Warning
Input pipelining  
DSP g_crow[1].g_ccol[0].u_cluster/u_matmul_unit/einsum_mat_vec_return0__0 input g_crow[1].g_ccol[0].u_cluster/u_matmul_unit/einsum_mat_vec_return0__0/A[29:0] is not pipelined. Pipelining DSP48 input will improve performance.
Related violations: <none>

DPIP-2#127 Warning
Input pipelining  
DSP g_crow[1].g_ccol[0].u_cluster/u_matmul_unit/einsum_mat_vec_return0__0 input g_crow[1].g_ccol[0].u_cluster/u_matmul_unit/einsum_mat_vec_return0__0/B[17:0] is not pipelined. Pipelining DSP48 input will improve performance.
Related violations: <none>

DPIP-2#128 Warning
Input pipelining  
DSP g_crow[1].g_ccol[0].u_cluster/u_matmul_unit/einsum_mat_vec_return0__0 input g_crow[1].g_ccol[0].u_cluster/u_matmul_unit/einsum_mat_vec_return0__0/C[47:0] is not pipelined. Pipelining DSP48 input will improve performance.
Related violations: <none>

DPIP-2#129 Warning
Input pipelining  
DSP g_crow[1].g_ccol[0].u_cluster/u_matmul_unit/einsum_outer_return0 input g_crow[1].g_ccol[0].u_cluster/u_matmul_unit/einsum_outer_return0/A[29:0] is not pipelined. Pipelining DSP48 input will improve performance.
Related violations: <none>

DPIP-2#130 Warning
Input pipelining  
DSP g_crow[1].g_ccol[0].u_cluster/u_matmul_unit/einsum_outer_return0 input g_crow[1].g_ccol[0].u_cluster/u_matmul_unit/einsum_outer_return0/B[17:0] is not pipelined. Pipelining DSP48 input will improve performance.
Related violations: <none>

DPIP-2#131 Warning
Input pipelining  
DSP g_crow[1].g_ccol[0].u_cluster/u_matmul_unit/euclid_norm_sq_return0 input g_crow[1].g_ccol[0].u_cluster/u_matmul_unit/euclid_norm_sq_return0/A[29:0] is not pipelined. Pipelining DSP48 input will improve performance.
Related violations: <none>

DPIP-2#132 Warning
Input pipelining  
DSP g_crow[1].g_ccol[0].u_cluster/u_matmul_unit/euclid_norm_sq_return0 input g_crow[1].g_ccol[0].u_cluster/u_matmul_unit/euclid_norm_sq_return0/B[17:0] is not pipelined. Pipelining DSP48 input will improve performance.
Related violations: <none>

DPIP-2#133 Warning
Input pipelining  
DSP g_crow[1].g_ccol[0].u_cluster/u_matmul_unit/euclid_norm_sq_return0__0 input g_crow[1].g_ccol[0].u_cluster/u_matmul_unit/euclid_norm_sq_return0__0/A[29:0] is not pipelined. Pipelining DSP48 input will improve performance.
Related violations: <none>

DPIP-2#134 Warning
Input pipelining  
DSP g_crow[1].g_ccol[0].u_cluster/u_matmul_unit/euclid_norm_sq_return0__0 input g_crow[1].g_ccol[0].u_cluster/u_matmul_unit/euclid_norm_sq_return0__0/B[17:0] is not pipelined. Pipelining DSP48 input will improve performance.
Related violations: <none>

DPIP-2#135 Warning
Input pipelining  
DSP g_crow[1].g_ccol[0].u_cluster/u_matmul_unit/euclid_norm_sq_return0__1 input g_crow[1].g_ccol[0].u_cluster/u_matmul_unit/euclid_norm_sq_return0__1/A[29:0] is not pipelined. Pipelining DSP48 input will improve performance.
Related violations: <none>

DPIP-2#136 Warning
Input pipelining  
DSP g_crow[1].g_ccol[0].u_cluster/u_matmul_unit/euclid_norm_sq_return0__1 input g_crow[1].g_ccol[0].u_cluster/u_matmul_unit/euclid_norm_sq_return0__1/B[17:0] is not pipelined. Pipelining DSP48 input will improve performance.
Related violations: <none>

DPIP-2#137 Warning
Input pipelining  
DSP g_crow[1].g_ccol[0].u_cluster/u_matmul_unit/euclid_norm_sq_return0__2 input g_crow[1].g_ccol[0].u_cluster/u_matmul_unit/euclid_norm_sq_return0__2/A[29:0] is not pipelined. Pipelining DSP48 input will improve performance.
Related violations: <none>

DPIP-2#138 Warning
Input pipelining  
DSP g_crow[1].g_ccol[0].u_cluster/u_matmul_unit/euclid_norm_sq_return0__2 input g_crow[1].g_ccol[0].u_cluster/u_matmul_unit/euclid_norm_sq_return0__2/B[17:0] is not pipelined. Pipelining DSP48 input will improve performance.
Related violations: <none>

DPIP-2#139 Warning
Input pipelining  
DSP g_crow[1].g_ccol[0].u_cluster/u_matmul_unit/euclid_norm_sq_return0__3 input g_crow[1].g_ccol[0].u_cluster/u_matmul_unit/euclid_norm_sq_return0__3/A[29:0] is not pipelined. Pipelining DSP48 input will improve performance.
Related violations: <none>

DPIP-2#140 Warning
Input pipelining  
DSP g_crow[1].g_ccol[0].u_cluster/u_matmul_unit/euclid_norm_sq_return0__3 input g_crow[1].g_ccol[0].u_cluster/u_matmul_unit/euclid_norm_sq_return0__3/B[17:0] is not pipelined. Pipelining DSP48 input will improve performance.
Related violations: <none>

DPIP-2#141 Warning
Input pipelining  
DSP g_crow[1].g_ccol[0].u_cluster/u_matmul_unit/euclid_norm_sq_return0__4 input g_crow[1].g_ccol[0].u_cluster/u_matmul_unit/euclid_norm_sq_return0__4/A[29:0] is not pipelined. Pipelining DSP48 input will improve performance.
Related violations: <none>

DPIP-2#142 Warning
Input pipelining  
DSP g_crow[1].g_ccol[0].u_cluster/u_matmul_unit/euclid_norm_sq_return0__4 input g_crow[1].g_ccol[0].u_cluster/u_matmul_unit/euclid_norm_sq_return0__4/B[17:0] is not pipelined. Pipelining DSP48 input will improve performance.
Related violations: <none>

DPIP-2#143 Warning
Input pipelining  
DSP g_crow[1].g_ccol[0].u_cluster/u_matmul_unit/euclid_norm_sq_return0__5 input g_crow[1].g_ccol[0].u_cluster/u_matmul_unit/euclid_norm_sq_return0__5/A[29:0] is not pipelined. Pipelining DSP48 input will improve performance.
Related violations: <none>

DPIP-2#144 Warning
Input pipelining  
DSP g_crow[1].g_ccol[0].u_cluster/u_matmul_unit/euclid_norm_sq_return0__5 input g_crow[1].g_ccol[0].u_cluster/u_matmul_unit/euclid_norm_sq_return0__5/B[17:0] is not pipelined. Pipelining DSP48 input will improve performance.
Related violations: <none>

DPIP-2#145 Warning
Input pipelining  
DSP g_crow[1].g_ccol[0].u_cluster/u_matmul_unit/euclid_norm_sq_return0__6 input g_crow[1].g_ccol[0].u_cluster/u_matmul_unit/euclid_norm_sq_return0__6/A[29:0] is not pipelined. Pipelining DSP48 input will improve performance.
Related violations: <none>

DPIP-2#146 Warning
Input pipelining  
DSP g_crow[1].g_ccol[0].u_cluster/u_matmul_unit/euclid_norm_sq_return0__6 input g_crow[1].g_ccol[0].u_cluster/u_matmul_unit/euclid_norm_sq_return0__6/B[17:0] is not pipelined. Pipelining DSP48 input will improve performance.
Related violations: <none>

DPIP-2#147 Warning
Input pipelining  
DSP g_crow[1].g_ccol[0].u_cluster/u_matmul_unit/matmul_func_return0 input g_crow[1].g_ccol[0].u_cluster/u_matmul_unit/matmul_func_return0/A[29:0] is not pipelined. Pipelining DSP48 input will improve performance.
Related violations: <none>

DPIP-2#148 Warning
Input pipelining  
DSP g_crow[1].g_ccol[0].u_cluster/u_matmul_unit/matmul_func_return0 input g_crow[1].g_ccol[0].u_cluster/u_matmul_unit/matmul_func_return0/B[17:0] is not pipelined. Pipelining DSP48 input will improve performance.
Related violations: <none>

DPIP-2#149 Warning
Input pipelining  
DSP g_crow[1].g_ccol[0].u_cluster/u_matmul_unit/matmul_func_return0 input g_crow[1].g_ccol[0].u_cluster/u_matmul_unit/matmul_func_return0/C[47:0] is not pipelined. Pipelining DSP48 input will improve performance.
Related violations: <none>

DPIP-2#150 Warning
Input pipelining  
DSP g_crow[1].g_ccol[0].u_cluster/u_matmul_unit/matmul_func_return0__0 input g_crow[1].g_ccol[0].u_cluster/u_matmul_unit/matmul_func_return0__0/A[29:0] is not pipelined. Pipelining DSP48 input will improve performance.
Related violations: <none>

DPIP-2#151 Warning
Input pipelining  
DSP g_crow[1].g_ccol[0].u_cluster/u_matmul_unit/matmul_func_return0__0 input g_crow[1].g_ccol[0].u_cluster/u_matmul_unit/matmul_func_return0__0/B[17:0] is not pipelined. Pipelining DSP48 input will improve performance.
Related violations: <none>

DPIP-2#152 Warning
Input pipelining  
DSP g_crow[1].g_ccol[0].u_cluster/u_matmul_unit/matmul_func_return0__0 input g_crow[1].g_ccol[0].u_cluster/u_matmul_unit/matmul_func_return0__0/C[47:0] is not pipelined. Pipelining DSP48 input will improve performance.
Related violations: <none>

DPIP-2#153 Warning
Input pipelining  
DSP g_crow[1].g_ccol[0].u_cluster/u_matmul_unit/matmul_func_return0__1 input g_crow[1].g_ccol[0].u_cluster/u_matmul_unit/matmul_func_return0__1/A[29:0] is not pipelined. Pipelining DSP48 input will improve performance.
Related violations: <none>

DPIP-2#154 Warning
Input pipelining  
DSP g_crow[1].g_ccol[0].u_cluster/u_matmul_unit/matmul_func_return0__1 input g_crow[1].g_ccol[0].u_cluster/u_matmul_unit/matmul_func_return0__1/B[17:0] is not pipelined. Pipelining DSP48 input will improve performance.
Related violations: <none>

DPIP-2#155 Warning
Input pipelining  
DSP g_crow[1].g_ccol[0].u_cluster/u_matmul_unit/matmul_func_return0__1 input g_crow[1].g_ccol[0].u_cluster/u_matmul_unit/matmul_func_return0__1/C[47:0] is not pipelined. Pipelining DSP48 input will improve performance.
Related violations: <none>

DPIP-2#156 Warning
Input pipelining  
DSP g_crow[1].g_ccol[0].u_cluster/u_matmul_unit/matmul_func_return0__2 input g_crow[1].g_ccol[0].u_cluster/u_matmul_unit/matmul_func_return0__2/A[29:0] is not pipelined. Pipelining DSP48 input will improve performance.
Related violations: <none>

DPIP-2#157 Warning
Input pipelining  
DSP g_crow[1].g_ccol[0].u_cluster/u_matmul_unit/matmul_func_return0__2 input g_crow[1].g_ccol[0].u_cluster/u_matmul_unit/matmul_func_return0__2/B[17:0] is not pipelined. Pipelining DSP48 input will improve performance.
Related violations: <none>

DPIP-2#158 Warning
Input pipelining  
DSP g_crow[1].g_ccol[0].u_cluster/u_matmul_unit/matmul_func_return0__2 input g_crow[1].g_ccol[0].u_cluster/u_matmul_unit/matmul_func_return0__2/C[47:0] is not pipelined. Pipelining DSP48 input will improve performance.
Related violations: <none>

DPIP-2#159 Warning
Input pipelining  
DSP g_crow[1].g_ccol[0].u_cluster/u_matmul_unit/matmul_func_return1 input g_crow[1].g_ccol[0].u_cluster/u_matmul_unit/matmul_func_return1/A[29:0] is not pipelined. Pipelining DSP48 input will improve performance.
Related violations: <none>

DPIP-2#160 Warning
Input pipelining  
DSP g_crow[1].g_ccol[0].u_cluster/u_matmul_unit/matmul_func_return1 input g_crow[1].g_ccol[0].u_cluster/u_matmul_unit/matmul_func_return1/B[17:0] is not pipelined. Pipelining DSP48 input will improve performance.
Related violations: <none>

DPIP-2#161 Warning
Input pipelining  
DSP g_crow[1].g_ccol[0].u_cluster/u_matmul_unit/matmul_func_return1__0 input g_crow[1].g_ccol[0].u_cluster/u_matmul_unit/matmul_func_return1__0/A[29:0] is not pipelined. Pipelining DSP48 input will improve performance.
Related violations: <none>

DPIP-2#162 Warning
Input pipelining  
DSP g_crow[1].g_ccol[0].u_cluster/u_matmul_unit/matmul_func_return1__0 input g_crow[1].g_ccol[0].u_cluster/u_matmul_unit/matmul_func_return1__0/B[17:0] is not pipelined. Pipelining DSP48 input will improve performance.
Related violations: <none>

DPIP-2#163 Warning
Input pipelining  
DSP g_crow[1].g_ccol[0].u_cluster/u_matmul_unit/matmul_func_return1__1 input g_crow[1].g_ccol[0].u_cluster/u_matmul_unit/matmul_func_return1__1/A[29:0] is not pipelined. Pipelining DSP48 input will improve performance.
Related violations: <none>

DPIP-2#164 Warning
Input pipelining  
DSP g_crow[1].g_ccol[0].u_cluster/u_matmul_unit/matmul_func_return1__1 input g_crow[1].g_ccol[0].u_cluster/u_matmul_unit/matmul_func_return1__1/B[17:0] is not pipelined. Pipelining DSP48 input will improve performance.
Related violations: <none>

DPIP-2#165 Warning
Input pipelining  
DSP g_crow[1].g_ccol[0].u_cluster/u_matmul_unit/matmul_func_return1__2 input g_crow[1].g_ccol[0].u_cluster/u_matmul_unit/matmul_func_return1__2/A[29:0] is not pipelined. Pipelining DSP48 input will improve performance.
Related violations: <none>

DPIP-2#166 Warning
Input pipelining  
DSP g_crow[1].g_ccol[0].u_cluster/u_matmul_unit/matmul_func_return1__2 input g_crow[1].g_ccol[0].u_cluster/u_matmul_unit/matmul_func_return1__2/B[17:0] is not pipelined. Pipelining DSP48 input will improve performance.
Related violations: <none>

DPIP-2#167 Warning
Input pipelining  
DSP g_crow[1].g_ccol[0].u_cluster/u_matmul_unit/matmul_func_return1__3 input g_crow[1].g_ccol[0].u_cluster/u_matmul_unit/matmul_func_return1__3/A[29:0] is not pipelined. Pipelining DSP48 input will improve performance.
Related violations: <none>

DPIP-2#168 Warning
Input pipelining  
DSP g_crow[1].g_ccol[0].u_cluster/u_matmul_unit/matmul_func_return1__3 input g_crow[1].g_ccol[0].u_cluster/u_matmul_unit/matmul_func_return1__3/B[17:0] is not pipelined. Pipelining DSP48 input will improve performance.
Related violations: <none>

DPIP-2#169 Warning
Input pipelining  
DSP g_crow[1].g_ccol[1].u_cluster/u_matmul_unit/einsum_dot_return0 input g_crow[1].g_ccol[1].u_cluster/u_matmul_unit/einsum_dot_return0/A[29:0] is not pipelined. Pipelining DSP48 input will improve performance.
Related violations: <none>

DPIP-2#170 Warning
Input pipelining  
DSP g_crow[1].g_ccol[1].u_cluster/u_matmul_unit/einsum_dot_return0 input g_crow[1].g_ccol[1].u_cluster/u_matmul_unit/einsum_dot_return0/B[17:0] is not pipelined. Pipelining DSP48 input will improve performance.
Related violations: <none>

DPIP-2#171 Warning
Input pipelining  
DSP g_crow[1].g_ccol[1].u_cluster/u_matmul_unit/einsum_dot_return0__0 input g_crow[1].g_ccol[1].u_cluster/u_matmul_unit/einsum_dot_return0__0/A[29:0] is not pipelined. Pipelining DSP48 input will improve performance.
Related violations: <none>

DPIP-2#172 Warning
Input pipelining  
DSP g_crow[1].g_ccol[1].u_cluster/u_matmul_unit/einsum_dot_return0__0 input g_crow[1].g_ccol[1].u_cluster/u_matmul_unit/einsum_dot_return0__0/B[17:0] is not pipelined. Pipelining DSP48 input will improve performance.
Related violations: <none>

DPIP-2#173 Warning
Input pipelining  
DSP g_crow[1].g_ccol[1].u_cluster/u_matmul_unit/einsum_dot_return0__1 input g_crow[1].g_ccol[1].u_cluster/u_matmul_unit/einsum_dot_return0__1/A[29:0] is not pipelined. Pipelining DSP48 input will improve performance.
Related violations: <none>

DPIP-2#174 Warning
Input pipelining  
DSP g_crow[1].g_ccol[1].u_cluster/u_matmul_unit/einsum_dot_return0__1 input g_crow[1].g_ccol[1].u_cluster/u_matmul_unit/einsum_dot_return0__1/B[17:0] is not pipelined. Pipelining DSP48 input will improve performance.
Related violations: <none>

DPIP-2#175 Warning
Input pipelining  
DSP g_crow[1].g_ccol[1].u_cluster/u_matmul_unit/einsum_hadamard_return0 input g_crow[1].g_ccol[1].u_cluster/u_matmul_unit/einsum_hadamard_return0/A[29:0] is not pipelined. Pipelining DSP48 input will improve performance.
Related violations: <none>

DPIP-2#176 Warning
Input pipelining  
DSP g_crow[1].g_ccol[1].u_cluster/u_matmul_unit/einsum_hadamard_return0 input g_crow[1].g_ccol[1].u_cluster/u_matmul_unit/einsum_hadamard_return0/B[17:0] is not pipelined. Pipelining DSP48 input will improve performance.
Related violations: <none>

DPIP-2#177 Warning
Input pipelining  
DSP g_crow[1].g_ccol[1].u_cluster/u_matmul_unit/einsum_hadamard_return0__0 input g_crow[1].g_ccol[1].u_cluster/u_matmul_unit/einsum_hadamard_return0__0/A[29:0] is not pipelined. Pipelining DSP48 input will improve performance.
Related violations: <none>

DPIP-2#178 Warning
Input pipelining  
DSP g_crow[1].g_ccol[1].u_cluster/u_matmul_unit/einsum_hadamard_return0__0 input g_crow[1].g_ccol[1].u_cluster/u_matmul_unit/einsum_hadamard_return0__0/B[17:0] is not pipelined. Pipelining DSP48 input will improve performance.
Related violations: <none>

DPIP-2#179 Warning
Input pipelining  
DSP g_crow[1].g_ccol[1].u_cluster/u_matmul_unit/einsum_mat_vec_return0 input g_crow[1].g_ccol[1].u_cluster/u_matmul_unit/einsum_mat_vec_return0/A[29:0] is not pipelined. Pipelining DSP48 input will improve performance.
Related violations: <none>

DPIP-2#180 Warning
Input pipelining  
DSP g_crow[1].g_ccol[1].u_cluster/u_matmul_unit/einsum_mat_vec_return0 input g_crow[1].g_ccol[1].u_cluster/u_matmul_unit/einsum_mat_vec_return0/B[17:0] is not pipelined. Pipelining DSP48 input will improve performance.
Related violations: <none>

DPIP-2#181 Warning
Input pipelining  
DSP g_crow[1].g_ccol[1].u_cluster/u_matmul_unit/einsum_mat_vec_return0 input g_crow[1].g_ccol[1].u_cluster/u_matmul_unit/einsum_mat_vec_return0/C[47:0] is not pipelined. Pipelining DSP48 input will improve performance.
Related violations: <none>

DPIP-2#182 Warning
Input pipelining  
DSP g_crow[1].g_ccol[1].u_cluster/u_matmul_unit/einsum_mat_vec_return0__0 input g_crow[1].g_ccol[1].u_cluster/u_matmul_unit/einsum_mat_vec_return0__0/A[29:0] is not pipelined. Pipelining DSP48 input will improve performance.
Related violations: <none>

DPIP-2#183 Warning
Input pipelining  
DSP g_crow[1].g_ccol[1].u_cluster/u_matmul_unit/einsum_mat_vec_return0__0 input g_crow[1].g_ccol[1].u_cluster/u_matmul_unit/einsum_mat_vec_return0__0/B[17:0] is not pipelined. Pipelining DSP48 input will improve performance.
Related violations: <none>

DPIP-2#184 Warning
Input pipelining  
DSP g_crow[1].g_ccol[1].u_cluster/u_matmul_unit/einsum_mat_vec_return0__0 input g_crow[1].g_ccol[1].u_cluster/u_matmul_unit/einsum_mat_vec_return0__0/C[47:0] is not pipelined. Pipelining DSP48 input will improve performance.
Related violations: <none>

DPIP-2#185 Warning
Input pipelining  
DSP g_crow[1].g_ccol[1].u_cluster/u_matmul_unit/einsum_outer_return0 input g_crow[1].g_ccol[1].u_cluster/u_matmul_unit/einsum_outer_return0/A[29:0] is not pipelined. Pipelining DSP48 input will improve performance.
Related violations: <none>

DPIP-2#186 Warning
Input pipelining  
DSP g_crow[1].g_ccol[1].u_cluster/u_matmul_unit/einsum_outer_return0 input g_crow[1].g_ccol[1].u_cluster/u_matmul_unit/einsum_outer_return0/B[17:0] is not pipelined. Pipelining DSP48 input will improve performance.
Related violations: <none>

DPIP-2#187 Warning
Input pipelining  
DSP g_crow[1].g_ccol[1].u_cluster/u_matmul_unit/euclid_norm_sq_return0 input g_crow[1].g_ccol[1].u_cluster/u_matmul_unit/euclid_norm_sq_return0/A[29:0] is not pipelined. Pipelining DSP48 input will improve performance.
Related violations: <none>

DPIP-2#188 Warning
Input pipelining  
DSP g_crow[1].g_ccol[1].u_cluster/u_matmul_unit/euclid_norm_sq_return0 input g_crow[1].g_ccol[1].u_cluster/u_matmul_unit/euclid_norm_sq_return0/B[17:0] is not pipelined. Pipelining DSP48 input will improve performance.
Related violations: <none>

DPIP-2#189 Warning
Input pipelining  
DSP g_crow[1].g_ccol[1].u_cluster/u_matmul_unit/euclid_norm_sq_return0__0 input g_crow[1].g_ccol[1].u_cluster/u_matmul_unit/euclid_norm_sq_return0__0/A[29:0] is not pipelined. Pipelining DSP48 input will improve performance.
Related violations: <none>

DPIP-2#190 Warning
Input pipelining  
DSP g_crow[1].g_ccol[1].u_cluster/u_matmul_unit/euclid_norm_sq_return0__0 input g_crow[1].g_ccol[1].u_cluster/u_matmul_unit/euclid_norm_sq_return0__0/B[17:0] is not pipelined. Pipelining DSP48 input will improve performance.
Related violations: <none>

DPIP-2#191 Warning
Input pipelining  
DSP g_crow[1].g_ccol[1].u_cluster/u_matmul_unit/euclid_norm_sq_return0__1 input g_crow[1].g_ccol[1].u_cluster/u_matmul_unit/euclid_norm_sq_return0__1/A[29:0] is not pipelined. Pipelining DSP48 input will improve performance.
Related violations: <none>

DPIP-2#192 Warning
Input pipelining  
DSP g_crow[1].g_ccol[1].u_cluster/u_matmul_unit/euclid_norm_sq_return0__1 input g_crow[1].g_ccol[1].u_cluster/u_matmul_unit/euclid_norm_sq_return0__1/B[17:0] is not pipelined. Pipelining DSP48 input will improve performance.
Related violations: <none>

DPIP-2#193 Warning
Input pipelining  
DSP g_crow[1].g_ccol[1].u_cluster/u_matmul_unit/euclid_norm_sq_return0__2 input g_crow[1].g_ccol[1].u_cluster/u_matmul_unit/euclid_norm_sq_return0__2/A[29:0] is not pipelined. Pipelining DSP48 input will improve performance.
Related violations: <none>

DPIP-2#194 Warning
Input pipelining  
DSP g_crow[1].g_ccol[1].u_cluster/u_matmul_unit/euclid_norm_sq_return0__2 input g_crow[1].g_ccol[1].u_cluster/u_matmul_unit/euclid_norm_sq_return0__2/B[17:0] is not pipelined. Pipelining DSP48 input will improve performance.
Related violations: <none>

DPIP-2#195 Warning
Input pipelining  
DSP g_crow[1].g_ccol[1].u_cluster/u_matmul_unit/euclid_norm_sq_return0__3 input g_crow[1].g_ccol[1].u_cluster/u_matmul_unit/euclid_norm_sq_return0__3/A[29:0] is not pipelined. Pipelining DSP48 input will improve performance.
Related violations: <none>

DPIP-2#196 Warning
Input pipelining  
DSP g_crow[1].g_ccol[1].u_cluster/u_matmul_unit/euclid_norm_sq_return0__3 input g_crow[1].g_ccol[1].u_cluster/u_matmul_unit/euclid_norm_sq_return0__3/B[17:0] is not pipelined. Pipelining DSP48 input will improve performance.
Related violations: <none>

DPIP-2#197 Warning
Input pipelining  
DSP g_crow[1].g_ccol[1].u_cluster/u_matmul_unit/euclid_norm_sq_return0__4 input g_crow[1].g_ccol[1].u_cluster/u_matmul_unit/euclid_norm_sq_return0__4/A[29:0] is not pipelined. Pipelining DSP48 input will improve performance.
Related violations: <none>

DPIP-2#198 Warning
Input pipelining  
DSP g_crow[1].g_ccol[1].u_cluster/u_matmul_unit/euclid_norm_sq_return0__4 input g_crow[1].g_ccol[1].u_cluster/u_matmul_unit/euclid_norm_sq_return0__4/B[17:0] is not pipelined. Pipelining DSP48 input will improve performance.
Related violations: <none>

DPIP-2#199 Warning
Input pipelining  
DSP g_crow[1].g_ccol[1].u_cluster/u_matmul_unit/euclid_norm_sq_return0__5 input g_crow[1].g_ccol[1].u_cluster/u_matmul_unit/euclid_norm_sq_return0__5/A[29:0] is not pipelined. Pipelining DSP48 input will improve performance.
Related violations: <none>

DPIP-2#200 Warning
Input pipelining  
DSP g_crow[1].g_ccol[1].u_cluster/u_matmul_unit/euclid_norm_sq_return0__5 input g_crow[1].g_ccol[1].u_cluster/u_matmul_unit/euclid_norm_sq_return0__5/B[17:0] is not pipelined. Pipelining DSP48 input will improve performance.
Related violations: <none>

DPIP-2#201 Warning
Input pipelining  
DSP g_crow[1].g_ccol[1].u_cluster/u_matmul_unit/euclid_norm_sq_return0__6 input g_crow[1].g_ccol[1].u_cluster/u_matmul_unit/euclid_norm_sq_return0__6/A[29:0] is not pipelined. Pipelining DSP48 input will improve performance.
Related violations: <none>

DPIP-2#202 Warning
Input pipelining  
DSP g_crow[1].g_ccol[1].u_cluster/u_matmul_unit/euclid_norm_sq_return0__6 input g_crow[1].g_ccol[1].u_cluster/u_matmul_unit/euclid_norm_sq_return0__6/B[17:0] is not pipelined. Pipelining DSP48 input will improve performance.
Related violations: <none>

DPIP-2#203 Warning
Input pipelining  
DSP g_crow[1].g_ccol[1].u_cluster/u_matmul_unit/matmul_func_return0 input g_crow[1].g_ccol[1].u_cluster/u_matmul_unit/matmul_func_return0/A[29:0] is not pipelined. Pipelining DSP48 input will improve performance.
Related violations: <none>

DPIP-2#204 Warning
Input pipelining  
DSP g_crow[1].g_ccol[1].u_cluster/u_matmul_unit/matmul_func_return0 input g_crow[1].g_ccol[1].u_cluster/u_matmul_unit/matmul_func_return0/B[17:0] is not pipelined. Pipelining DSP48 input will improve performance.
Related violations: <none>

DPIP-2#205 Warning
Input pipelining  
DSP g_crow[1].g_ccol[1].u_cluster/u_matmul_unit/matmul_func_return0 input g_crow[1].g_ccol[1].u_cluster/u_matmul_unit/matmul_func_return0/C[47:0] is not pipelined. Pipelining DSP48 input will improve performance.
Related violations: <none>

DPIP-2#206 Warning
Input pipelining  
DSP g_crow[1].g_ccol[1].u_cluster/u_matmul_unit/matmul_func_return0__0 input g_crow[1].g_ccol[1].u_cluster/u_matmul_unit/matmul_func_return0__0/A[29:0] is not pipelined. Pipelining DSP48 input will improve performance.
Related violations: <none>

DPIP-2#207 Warning
Input pipelining  
DSP g_crow[1].g_ccol[1].u_cluster/u_matmul_unit/matmul_func_return0__0 input g_crow[1].g_ccol[1].u_cluster/u_matmul_unit/matmul_func_return0__0/B[17:0] is not pipelined. Pipelining DSP48 input will improve performance.
Related violations: <none>

DPIP-2#208 Warning
Input pipelining  
DSP g_crow[1].g_ccol[1].u_cluster/u_matmul_unit/matmul_func_return0__0 input g_crow[1].g_ccol[1].u_cluster/u_matmul_unit/matmul_func_return0__0/C[47:0] is not pipelined. Pipelining DSP48 input will improve performance.
Related violations: <none>

DPIP-2#209 Warning
Input pipelining  
DSP g_crow[1].g_ccol[1].u_cluster/u_matmul_unit/matmul_func_return0__1 input g_crow[1].g_ccol[1].u_cluster/u_matmul_unit/matmul_func_return0__1/A[29:0] is not pipelined. Pipelining DSP48 input will improve performance.
Related violations: <none>

DPIP-2#210 Warning
Input pipelining  
DSP g_crow[1].g_ccol[1].u_cluster/u_matmul_unit/matmul_func_return0__1 input g_crow[1].g_ccol[1].u_cluster/u_matmul_unit/matmul_func_return0__1/B[17:0] is not pipelined. Pipelining DSP48 input will improve performance.
Related violations: <none>

DPIP-2#211 Warning
Input pipelining  
DSP g_crow[1].g_ccol[1].u_cluster/u_matmul_unit/matmul_func_return0__1 input g_crow[1].g_ccol[1].u_cluster/u_matmul_unit/matmul_func_return0__1/C[47:0] is not pipelined. Pipelining DSP48 input will improve performance.
Related violations: <none>

DPIP-2#212 Warning
Input pipelining  
DSP g_crow[1].g_ccol[1].u_cluster/u_matmul_unit/matmul_func_return0__2 input g_crow[1].g_ccol[1].u_cluster/u_matmul_unit/matmul_func_return0__2/A[29:0] is not pipelined. Pipelining DSP48 input will improve performance.
Related violations: <none>

DPIP-2#213 Warning
Input pipelining  
DSP g_crow[1].g_ccol[1].u_cluster/u_matmul_unit/matmul_func_return0__2 input g_crow[1].g_ccol[1].u_cluster/u_matmul_unit/matmul_func_return0__2/B[17:0] is not pipelined. Pipelining DSP48 input will improve performance.
Related violations: <none>

DPIP-2#214 Warning
Input pipelining  
DSP g_crow[1].g_ccol[1].u_cluster/u_matmul_unit/matmul_func_return0__2 input g_crow[1].g_ccol[1].u_cluster/u_matmul_unit/matmul_func_return0__2/C[47:0] is not pipelined. Pipelining DSP48 input will improve performance.
Related violations: <none>

DPIP-2#215 Warning
Input pipelining  
DSP g_crow[1].g_ccol[1].u_cluster/u_matmul_unit/matmul_func_return1 input g_crow[1].g_ccol[1].u_cluster/u_matmul_unit/matmul_func_return1/A[29:0] is not pipelined. Pipelining DSP48 input will improve performance.
Related violations: <none>

DPIP-2#216 Warning
Input pipelining  
DSP g_crow[1].g_ccol[1].u_cluster/u_matmul_unit/matmul_func_return1 input g_crow[1].g_ccol[1].u_cluster/u_matmul_unit/matmul_func_return1/B[17:0] is not pipelined. Pipelining DSP48 input will improve performance.
Related violations: <none>

DPIP-2#217 Warning
Input pipelining  
DSP g_crow[1].g_ccol[1].u_cluster/u_matmul_unit/matmul_func_return1__0 input g_crow[1].g_ccol[1].u_cluster/u_matmul_unit/matmul_func_return1__0/A[29:0] is not pipelined. Pipelining DSP48 input will improve performance.
Related violations: <none>

DPIP-2#218 Warning
Input pipelining  
DSP g_crow[1].g_ccol[1].u_cluster/u_matmul_unit/matmul_func_return1__0 input g_crow[1].g_ccol[1].u_cluster/u_matmul_unit/matmul_func_return1__0/B[17:0] is not pipelined. Pipelining DSP48 input will improve performance.
Related violations: <none>

DPIP-2#219 Warning
Input pipelining  
DSP g_crow[1].g_ccol[1].u_cluster/u_matmul_unit/matmul_func_return1__1 input g_crow[1].g_ccol[1].u_cluster/u_matmul_unit/matmul_func_return1__1/A[29:0] is not pipelined. Pipelining DSP48 input will improve performance.
Related violations: <none>

DPIP-2#220 Warning
Input pipelining  
DSP g_crow[1].g_ccol[1].u_cluster/u_matmul_unit/matmul_func_return1__1 input g_crow[1].g_ccol[1].u_cluster/u_matmul_unit/matmul_func_return1__1/B[17:0] is not pipelined. Pipelining DSP48 input will improve performance.
Related violations: <none>

DPIP-2#221 Warning
Input pipelining  
DSP g_crow[1].g_ccol[1].u_cluster/u_matmul_unit/matmul_func_return1__2 input g_crow[1].g_ccol[1].u_cluster/u_matmul_unit/matmul_func_return1__2/A[29:0] is not pipelined. Pipelining DSP48 input will improve performance.
Related violations: <none>

DPIP-2#222 Warning
Input pipelining  
DSP g_crow[1].g_ccol[1].u_cluster/u_matmul_unit/matmul_func_return1__2 input g_crow[1].g_ccol[1].u_cluster/u_matmul_unit/matmul_func_return1__2/B[17:0] is not pipelined. Pipelining DSP48 input will improve performance.
Related violations: <none>

DPIP-2#223 Warning
Input pipelining  
DSP g_crow[1].g_ccol[1].u_cluster/u_matmul_unit/matmul_func_return1__3 input g_crow[1].g_ccol[1].u_cluster/u_matmul_unit/matmul_func_return1__3/A[29:0] is not pipelined. Pipelining DSP48 input will improve performance.
Related violations: <none>

DPIP-2#224 Warning
Input pipelining  
DSP g_crow[1].g_ccol[1].u_cluster/u_matmul_unit/matmul_func_return1__3 input g_crow[1].g_ccol[1].u_cluster/u_matmul_unit/matmul_func_return1__3/B[17:0] is not pipelined. Pipelining DSP48 input will improve performance.
Related violations: <none>

DPOP-3#1 Warning
PREG Output pipelining  
DSP g_crow[0].g_ccol[0].u_cluster/u_matmul_unit/einsum_dot_return0__1 output g_crow[0].g_ccol[0].u_cluster/u_matmul_unit/einsum_dot_return0__1/P[47:0] is not pipelined (PREG=0). Pipelining the DSP48 output will improve performance and often saves power so it is suggested whenever possible to fully pipeline this function.  If this DSP48 function was inferred, it is suggested to describe an additional register stage after this function.  If the DSP48 was instantiated in the design, it is suggested to set the PREG attribute to 1.
Related violations: <none>

DPOP-3#2 Warning
PREG Output pipelining  
DSP g_crow[0].g_ccol[0].u_cluster/u_matmul_unit/einsum_hadamard_return0 output g_crow[0].g_ccol[0].u_cluster/u_matmul_unit/einsum_hadamard_return0/P[47:0] is not pipelined (PREG=0). Pipelining the DSP48 output will improve performance and often saves power so it is suggested whenever possible to fully pipeline this function.  If this DSP48 function was inferred, it is suggested to describe an additional register stage after this function.  If the DSP48 was instantiated in the design, it is suggested to set the PREG attribute to 1.
Related violations: <none>

DPOP-3#3 Warning
PREG Output pipelining  
DSP g_crow[0].g_ccol[0].u_cluster/u_matmul_unit/einsum_hadamard_return0__0 output g_crow[0].g_ccol[0].u_cluster/u_matmul_unit/einsum_hadamard_return0__0/P[47:0] is not pipelined (PREG=0). Pipelining the DSP48 output will improve performance and often saves power so it is suggested whenever possible to fully pipeline this function.  If this DSP48 function was inferred, it is suggested to describe an additional register stage after this function.  If the DSP48 was instantiated in the design, it is suggested to set the PREG attribute to 1.
Related violations: <none>

DPOP-3#4 Warning
PREG Output pipelining  
DSP g_crow[0].g_ccol[0].u_cluster/u_matmul_unit/einsum_mat_vec_return0 output g_crow[0].g_ccol[0].u_cluster/u_matmul_unit/einsum_mat_vec_return0/P[47:0] is not pipelined (PREG=0). Pipelining the DSP48 output will improve performance and often saves power so it is suggested whenever possible to fully pipeline this function.  If this DSP48 function was inferred, it is suggested to describe an additional register stage after this function.  If the DSP48 was instantiated in the design, it is suggested to set the PREG attribute to 1.
Related violations: <none>

DPOP-3#5 Warning
PREG Output pipelining  
DSP g_crow[0].g_ccol[0].u_cluster/u_matmul_unit/einsum_mat_vec_return0__0 output g_crow[0].g_ccol[0].u_cluster/u_matmul_unit/einsum_mat_vec_return0__0/P[47:0] is not pipelined (PREG=0). Pipelining the DSP48 output will improve performance and often saves power so it is suggested whenever possible to fully pipeline this function.  If this DSP48 function was inferred, it is suggested to describe an additional register stage after this function.  If the DSP48 was instantiated in the design, it is suggested to set the PREG attribute to 1.
Related violations: <none>

DPOP-3#6 Warning
PREG Output pipelining  
DSP g_crow[0].g_ccol[0].u_cluster/u_matmul_unit/einsum_outer_return0 output g_crow[0].g_ccol[0].u_cluster/u_matmul_unit/einsum_outer_return0/P[47:0] is not pipelined (PREG=0). Pipelining the DSP48 output will improve performance and often saves power so it is suggested whenever possible to fully pipeline this function.  If this DSP48 function was inferred, it is suggested to describe an additional register stage after this function.  If the DSP48 was instantiated in the design, it is suggested to set the PREG attribute to 1.
Related violations: <none>

DPOP-3#7 Warning
PREG Output pipelining  
DSP g_crow[0].g_ccol[0].u_cluster/u_matmul_unit/euclid_norm_sq_return0 output g_crow[0].g_ccol[0].u_cluster/u_matmul_unit/euclid_norm_sq_return0/P[47:0] is not pipelined (PREG=0). Pipelining the DSP48 output will improve performance and often saves power so it is suggested whenever possible to fully pipeline this function.  If this DSP48 function was inferred, it is suggested to describe an additional register stage after this function.  If the DSP48 was instantiated in the design, it is suggested to set the PREG attribute to 1.
Related violations: <none>

DPOP-3#8 Warning
PREG Output pipelining  
DSP g_crow[0].g_ccol[0].u_cluster/u_matmul_unit/euclid_norm_sq_return0__0 output g_crow[0].g_ccol[0].u_cluster/u_matmul_unit/euclid_norm_sq_return0__0/P[47:0] is not pipelined (PREG=0). Pipelining the DSP48 output will improve performance and often saves power so it is suggested whenever possible to fully pipeline this function.  If this DSP48 function was inferred, it is suggested to describe an additional register stage after this function.  If the DSP48 was instantiated in the design, it is suggested to set the PREG attribute to 1.
Related violations: <none>

DPOP-3#9 Warning
PREG Output pipelining  
DSP g_crow[0].g_ccol[0].u_cluster/u_matmul_unit/euclid_norm_sq_return0__1 output g_crow[0].g_ccol[0].u_cluster/u_matmul_unit/euclid_norm_sq_return0__1/P[47:0] is not pipelined (PREG=0). Pipelining the DSP48 output will improve performance and often saves power so it is suggested whenever possible to fully pipeline this function.  If this DSP48 function was inferred, it is suggested to describe an additional register stage after this function.  If the DSP48 was instantiated in the design, it is suggested to set the PREG attribute to 1.
Related violations: <none>

DPOP-3#10 Warning
PREG Output pipelining  
DSP g_crow[0].g_ccol[0].u_cluster/u_matmul_unit/euclid_norm_sq_return0__2 output g_crow[0].g_ccol[0].u_cluster/u_matmul_unit/euclid_norm_sq_return0__2/P[47:0] is not pipelined (PREG=0). Pipelining the DSP48 output will improve performance and often saves power so it is suggested whenever possible to fully pipeline this function.  If this DSP48 function was inferred, it is suggested to describe an additional register stage after this function.  If the DSP48 was instantiated in the design, it is suggested to set the PREG attribute to 1.
Related violations: <none>

DPOP-3#11 Warning
PREG Output pipelining  
DSP g_crow[0].g_ccol[0].u_cluster/u_matmul_unit/euclid_norm_sq_return0__3 output g_crow[0].g_ccol[0].u_cluster/u_matmul_unit/euclid_norm_sq_return0__3/P[47:0] is not pipelined (PREG=0). Pipelining the DSP48 output will improve performance and often saves power so it is suggested whenever possible to fully pipeline this function.  If this DSP48 function was inferred, it is suggested to describe an additional register stage after this function.  If the DSP48 was instantiated in the design, it is suggested to set the PREG attribute to 1.
Related violations: <none>

DPOP-3#12 Warning
PREG Output pipelining  
DSP g_crow[0].g_ccol[0].u_cluster/u_matmul_unit/euclid_norm_sq_return0__4 output g_crow[0].g_ccol[0].u_cluster/u_matmul_unit/euclid_norm_sq_return0__4/P[47:0] is not pipelined (PREG=0). Pipelining the DSP48 output will improve performance and often saves power so it is suggested whenever possible to fully pipeline this function.  If this DSP48 function was inferred, it is suggested to describe an additional register stage after this function.  If the DSP48 was instantiated in the design, it is suggested to set the PREG attribute to 1.
Related violations: <none>

DPOP-3#13 Warning
PREG Output pipelining  
DSP g_crow[0].g_ccol[0].u_cluster/u_matmul_unit/euclid_norm_sq_return0__5 output g_crow[0].g_ccol[0].u_cluster/u_matmul_unit/euclid_norm_sq_return0__5/P[47:0] is not pipelined (PREG=0). Pipelining the DSP48 output will improve performance and often saves power so it is suggested whenever possible to fully pipeline this function.  If this DSP48 function was inferred, it is suggested to describe an additional register stage after this function.  If the DSP48 was instantiated in the design, it is suggested to set the PREG attribute to 1.
Related violations: <none>

DPOP-3#14 Warning
PREG Output pipelining  
DSP g_crow[0].g_ccol[0].u_cluster/u_matmul_unit/euclid_norm_sq_return0__6 output g_crow[0].g_ccol[0].u_cluster/u_matmul_unit/euclid_norm_sq_return0__6/P[47:0] is not pipelined (PREG=0). Pipelining the DSP48 output will improve performance and often saves power so it is suggested whenever possible to fully pipeline this function.  If this DSP48 function was inferred, it is suggested to describe an additional register stage after this function.  If the DSP48 was instantiated in the design, it is suggested to set the PREG attribute to 1.
Related violations: <none>

DPOP-3#15 Warning
PREG Output pipelining  
DSP g_crow[0].g_ccol[0].u_cluster/u_matmul_unit/matmul_func_return0 output g_crow[0].g_ccol[0].u_cluster/u_matmul_unit/matmul_func_return0/P[47:0] is not pipelined (PREG=0). Pipelining the DSP48 output will improve performance and often saves power so it is suggested whenever possible to fully pipeline this function.  If this DSP48 function was inferred, it is suggested to describe an additional register stage after this function.  If the DSP48 was instantiated in the design, it is suggested to set the PREG attribute to 1.
Related violations: <none>

DPOP-3#16 Warning
PREG Output pipelining  
DSP g_crow[0].g_ccol[0].u_cluster/u_matmul_unit/matmul_func_return0__0 output g_crow[0].g_ccol[0].u_cluster/u_matmul_unit/matmul_func_return0__0/P[47:0] is not pipelined (PREG=0). Pipelining the DSP48 output will improve performance and often saves power so it is suggested whenever possible to fully pipeline this function.  If this DSP48 function was inferred, it is suggested to describe an additional register stage after this function.  If the DSP48 was instantiated in the design, it is suggested to set the PREG attribute to 1.
Related violations: <none>

DPOP-3#17 Warning
PREG Output pipelining  
DSP g_crow[0].g_ccol[0].u_cluster/u_matmul_unit/matmul_func_return0__1 output g_crow[0].g_ccol[0].u_cluster/u_matmul_unit/matmul_func_return0__1/P[47:0] is not pipelined (PREG=0). Pipelining the DSP48 output will improve performance and often saves power so it is suggested whenever possible to fully pipeline this function.  If this DSP48 function was inferred, it is suggested to describe an additional register stage after this function.  If the DSP48 was instantiated in the design, it is suggested to set the PREG attribute to 1.
Related violations: <none>

DPOP-3#18 Warning
PREG Output pipelining  
DSP g_crow[0].g_ccol[0].u_cluster/u_matmul_unit/matmul_func_return0__2 output g_crow[0].g_ccol[0].u_cluster/u_matmul_unit/matmul_func_return0__2/P[47:0] is not pipelined (PREG=0). Pipelining the DSP48 output will improve performance and often saves power so it is suggested whenever possible to fully pipeline this function.  If this DSP48 function was inferred, it is suggested to describe an additional register stage after this function.  If the DSP48 was instantiated in the design, it is suggested to set the PREG attribute to 1.
Related violations: <none>

DPOP-3#19 Warning
PREG Output pipelining  
DSP g_crow[0].g_ccol[0].u_cluster/u_matmul_unit/matmul_func_return1 output g_crow[0].g_ccol[0].u_cluster/u_matmul_unit/matmul_func_return1/P[47:0] is not pipelined (PREG=0). Pipelining the DSP48 output will improve performance and often saves power so it is suggested whenever possible to fully pipeline this function.  If this DSP48 function was inferred, it is suggested to describe an additional register stage after this function.  If the DSP48 was instantiated in the design, it is suggested to set the PREG attribute to 1.
Related violations: <none>

DPOP-3#20 Warning
PREG Output pipelining  
DSP g_crow[0].g_ccol[0].u_cluster/u_matmul_unit/matmul_func_return1__0 output g_crow[0].g_ccol[0].u_cluster/u_matmul_unit/matmul_func_return1__0/P[47:0] is not pipelined (PREG=0). Pipelining the DSP48 output will improve performance and often saves power so it is suggested whenever possible to fully pipeline this function.  If this DSP48 function was inferred, it is suggested to describe an additional register stage after this function.  If the DSP48 was instantiated in the design, it is suggested to set the PREG attribute to 1.
Related violations: <none>

DPOP-3#21 Warning
PREG Output pipelining  
DSP g_crow[0].g_ccol[0].u_cluster/u_matmul_unit/matmul_func_return1__1 output g_crow[0].g_ccol[0].u_cluster/u_matmul_unit/matmul_func_return1__1/P[47:0] is not pipelined (PREG=0). Pipelining the DSP48 output will improve performance and often saves power so it is suggested whenever possible to fully pipeline this function.  If this DSP48 function was inferred, it is suggested to describe an additional register stage after this function.  If the DSP48 was instantiated in the design, it is suggested to set the PREG attribute to 1.
Related violations: <none>

DPOP-3#22 Warning
PREG Output pipelining  
DSP g_crow[0].g_ccol[0].u_cluster/u_matmul_unit/matmul_func_return1__2 output g_crow[0].g_ccol[0].u_cluster/u_matmul_unit/matmul_func_return1__2/P[47:0] is not pipelined (PREG=0). Pipelining the DSP48 output will improve performance and often saves power so it is suggested whenever possible to fully pipeline this function.  If this DSP48 function was inferred, it is suggested to describe an additional register stage after this function.  If the DSP48 was instantiated in the design, it is suggested to set the PREG attribute to 1.
Related violations: <none>

DPOP-3#23 Warning
PREG Output pipelining  
DSP g_crow[0].g_ccol[0].u_cluster/u_matmul_unit/matmul_func_return1__3 output g_crow[0].g_ccol[0].u_cluster/u_matmul_unit/matmul_func_return1__3/P[47:0] is not pipelined (PREG=0). Pipelining the DSP48 output will improve performance and often saves power so it is suggested whenever possible to fully pipeline this function.  If this DSP48 function was inferred, it is suggested to describe an additional register stage after this function.  If the DSP48 was instantiated in the design, it is suggested to set the PREG attribute to 1.
Related violations: <none>

DPOP-3#24 Warning
PREG Output pipelining  
DSP g_crow[0].g_ccol[0].u_cluster/u_matmul_unit/mul_result_p20__0 output g_crow[0].g_ccol[0].u_cluster/u_matmul_unit/mul_result_p20__0/P[47:0] is not pipelined (PREG=0). Pipelining the DSP48 output will improve performance and often saves power so it is suggested whenever possible to fully pipeline this function.  If this DSP48 function was inferred, it is suggested to describe an additional register stage after this function.  If the DSP48 was instantiated in the design, it is suggested to set the PREG attribute to 1.
Related violations: <none>

DPOP-3#25 Warning
PREG Output pipelining  
DSP g_crow[0].g_ccol[0].u_cluster/u_matmul_unit/mul_result_p20__2 output g_crow[0].g_ccol[0].u_cluster/u_matmul_unit/mul_result_p20__2/P[47:0] is not pipelined (PREG=0). Pipelining the DSP48 output will improve performance and often saves power so it is suggested whenever possible to fully pipeline this function.  If this DSP48 function was inferred, it is suggested to describe an additional register stage after this function.  If the DSP48 was instantiated in the design, it is suggested to set the PREG attribute to 1.
Related violations: <none>

DPOP-3#26 Warning
PREG Output pipelining  
DSP g_crow[0].g_ccol[0].u_cluster/u_matmul_unit/mul_result_p20__4 output g_crow[0].g_ccol[0].u_cluster/u_matmul_unit/mul_result_p20__4/P[47:0] is not pipelined (PREG=0). Pipelining the DSP48 output will improve performance and often saves power so it is suggested whenever possible to fully pipeline this function.  If this DSP48 function was inferred, it is suggested to describe an additional register stage after this function.  If the DSP48 was instantiated in the design, it is suggested to set the PREG attribute to 1.
Related violations: <none>

DPOP-3#27 Warning
PREG Output pipelining  
DSP g_crow[0].g_ccol[0].u_cluster/u_matmul_unit/mul_result_p20__5 output g_crow[0].g_ccol[0].u_cluster/u_matmul_unit/mul_result_p20__5/P[47:0] is not pipelined (PREG=0). Pipelining the DSP48 output will improve performance and often saves power so it is suggested whenever possible to fully pipeline this function.  If this DSP48 function was inferred, it is suggested to describe an additional register stage after this function.  If the DSP48 was instantiated in the design, it is suggested to set the PREG attribute to 1.
Related violations: <none>

DPOP-3#28 Warning
PREG Output pipelining  
DSP g_crow[0].g_ccol[0].u_cluster/u_matmul_unit/mul_result_p20__7 output g_crow[0].g_ccol[0].u_cluster/u_matmul_unit/mul_result_p20__7/P[47:0] is not pipelined (PREG=0). Pipelining the DSP48 output will improve performance and often saves power so it is suggested whenever possible to fully pipeline this function.  If this DSP48 function was inferred, it is suggested to describe an additional register stage after this function.  If the DSP48 was instantiated in the design, it is suggested to set the PREG attribute to 1.
Related violations: <none>

DPOP-3#29 Warning
PREG Output pipelining  
DSP g_crow[0].g_ccol[0].u_cluster/u_matmul_unit/mul_result_p20__8 output g_crow[0].g_ccol[0].u_cluster/u_matmul_unit/mul_result_p20__8/P[47:0] is not pipelined (PREG=0). Pipelining the DSP48 output will improve performance and often saves power so it is suggested whenever possible to fully pipeline this function.  If this DSP48 function was inferred, it is suggested to describe an additional register stage after this function.  If the DSP48 was instantiated in the design, it is suggested to set the PREG attribute to 1.
Related violations: <none>

DPOP-3#30 Warning
PREG Output pipelining  
DSP g_crow[0].g_ccol[1].u_cluster/u_matmul_unit/einsum_dot_return0__1 output g_crow[0].g_ccol[1].u_cluster/u_matmul_unit/einsum_dot_return0__1/P[47:0] is not pipelined (PREG=0). Pipelining the DSP48 output will improve performance and often saves power so it is suggested whenever possible to fully pipeline this function.  If this DSP48 function was inferred, it is suggested to describe an additional register stage after this function.  If the DSP48 was instantiated in the design, it is suggested to set the PREG attribute to 1.
Related violations: <none>

DPOP-3#31 Warning
PREG Output pipelining  
DSP g_crow[0].g_ccol[1].u_cluster/u_matmul_unit/einsum_hadamard_return0 output g_crow[0].g_ccol[1].u_cluster/u_matmul_unit/einsum_hadamard_return0/P[47:0] is not pipelined (PREG=0). Pipelining the DSP48 output will improve performance and often saves power so it is suggested whenever possible to fully pipeline this function.  If this DSP48 function was inferred, it is suggested to describe an additional register stage after this function.  If the DSP48 was instantiated in the design, it is suggested to set the PREG attribute to 1.
Related violations: <none>

DPOP-3#32 Warning
PREG Output pipelining  
DSP g_crow[0].g_ccol[1].u_cluster/u_matmul_unit/einsum_hadamard_return0__0 output g_crow[0].g_ccol[1].u_cluster/u_matmul_unit/einsum_hadamard_return0__0/P[47:0] is not pipelined (PREG=0). Pipelining the DSP48 output will improve performance and often saves power so it is suggested whenever possible to fully pipeline this function.  If this DSP48 function was inferred, it is suggested to describe an additional register stage after this function.  If the DSP48 was instantiated in the design, it is suggested to set the PREG attribute to 1.
Related violations: <none>

DPOP-3#33 Warning
PREG Output pipelining  
DSP g_crow[0].g_ccol[1].u_cluster/u_matmul_unit/einsum_mat_vec_return0 output g_crow[0].g_ccol[1].u_cluster/u_matmul_unit/einsum_mat_vec_return0/P[47:0] is not pipelined (PREG=0). Pipelining the DSP48 output will improve performance and often saves power so it is suggested whenever possible to fully pipeline this function.  If this DSP48 function was inferred, it is suggested to describe an additional register stage after this function.  If the DSP48 was instantiated in the design, it is suggested to set the PREG attribute to 1.
Related violations: <none>

DPOP-3#34 Warning
PREG Output pipelining  
DSP g_crow[0].g_ccol[1].u_cluster/u_matmul_unit/einsum_mat_vec_return0__0 output g_crow[0].g_ccol[1].u_cluster/u_matmul_unit/einsum_mat_vec_return0__0/P[47:0] is not pipelined (PREG=0). Pipelining the DSP48 output will improve performance and often saves power so it is suggested whenever possible to fully pipeline this function.  If this DSP48 function was inferred, it is suggested to describe an additional register stage after this function.  If the DSP48 was instantiated in the design, it is suggested to set the PREG attribute to 1.
Related violations: <none>

DPOP-3#35 Warning
PREG Output pipelining  
DSP g_crow[0].g_ccol[1].u_cluster/u_matmul_unit/einsum_outer_return0 output g_crow[0].g_ccol[1].u_cluster/u_matmul_unit/einsum_outer_return0/P[47:0] is not pipelined (PREG=0). Pipelining the DSP48 output will improve performance and often saves power so it is suggested whenever possible to fully pipeline this function.  If this DSP48 function was inferred, it is suggested to describe an additional register stage after this function.  If the DSP48 was instantiated in the design, it is suggested to set the PREG attribute to 1.
Related violations: <none>

DPOP-3#36 Warning
PREG Output pipelining  
DSP g_crow[0].g_ccol[1].u_cluster/u_matmul_unit/euclid_norm_sq_return0 output g_crow[0].g_ccol[1].u_cluster/u_matmul_unit/euclid_norm_sq_return0/P[47:0] is not pipelined (PREG=0). Pipelining the DSP48 output will improve performance and often saves power so it is suggested whenever possible to fully pipeline this function.  If this DSP48 function was inferred, it is suggested to describe an additional register stage after this function.  If the DSP48 was instantiated in the design, it is suggested to set the PREG attribute to 1.
Related violations: <none>

DPOP-3#37 Warning
PREG Output pipelining  
DSP g_crow[0].g_ccol[1].u_cluster/u_matmul_unit/euclid_norm_sq_return0__0 output g_crow[0].g_ccol[1].u_cluster/u_matmul_unit/euclid_norm_sq_return0__0/P[47:0] is not pipelined (PREG=0). Pipelining the DSP48 output will improve performance and often saves power so it is suggested whenever possible to fully pipeline this function.  If this DSP48 function was inferred, it is suggested to describe an additional register stage after this function.  If the DSP48 was instantiated in the design, it is suggested to set the PREG attribute to 1.
Related violations: <none>

DPOP-3#38 Warning
PREG Output pipelining  
DSP g_crow[0].g_ccol[1].u_cluster/u_matmul_unit/euclid_norm_sq_return0__1 output g_crow[0].g_ccol[1].u_cluster/u_matmul_unit/euclid_norm_sq_return0__1/P[47:0] is not pipelined (PREG=0). Pipelining the DSP48 output will improve performance and often saves power so it is suggested whenever possible to fully pipeline this function.  If this DSP48 function was inferred, it is suggested to describe an additional register stage after this function.  If the DSP48 was instantiated in the design, it is suggested to set the PREG attribute to 1.
Related violations: <none>

DPOP-3#39 Warning
PREG Output pipelining  
DSP g_crow[0].g_ccol[1].u_cluster/u_matmul_unit/euclid_norm_sq_return0__2 output g_crow[0].g_ccol[1].u_cluster/u_matmul_unit/euclid_norm_sq_return0__2/P[47:0] is not pipelined (PREG=0). Pipelining the DSP48 output will improve performance and often saves power so it is suggested whenever possible to fully pipeline this function.  If this DSP48 function was inferred, it is suggested to describe an additional register stage after this function.  If the DSP48 was instantiated in the design, it is suggested to set the PREG attribute to 1.
Related violations: <none>

DPOP-3#40 Warning
PREG Output pipelining  
DSP g_crow[0].g_ccol[1].u_cluster/u_matmul_unit/euclid_norm_sq_return0__3 output g_crow[0].g_ccol[1].u_cluster/u_matmul_unit/euclid_norm_sq_return0__3/P[47:0] is not pipelined (PREG=0). Pipelining the DSP48 output will improve performance and often saves power so it is suggested whenever possible to fully pipeline this function.  If this DSP48 function was inferred, it is suggested to describe an additional register stage after this function.  If the DSP48 was instantiated in the design, it is suggested to set the PREG attribute to 1.
Related violations: <none>

DPOP-3#41 Warning
PREG Output pipelining  
DSP g_crow[0].g_ccol[1].u_cluster/u_matmul_unit/euclid_norm_sq_return0__4 output g_crow[0].g_ccol[1].u_cluster/u_matmul_unit/euclid_norm_sq_return0__4/P[47:0] is not pipelined (PREG=0). Pipelining the DSP48 output will improve performance and often saves power so it is suggested whenever possible to fully pipeline this function.  If this DSP48 function was inferred, it is suggested to describe an additional register stage after this function.  If the DSP48 was instantiated in the design, it is suggested to set the PREG attribute to 1.
Related violations: <none>

DPOP-3#42 Warning
PREG Output pipelining  
DSP g_crow[0].g_ccol[1].u_cluster/u_matmul_unit/euclid_norm_sq_return0__5 output g_crow[0].g_ccol[1].u_cluster/u_matmul_unit/euclid_norm_sq_return0__5/P[47:0] is not pipelined (PREG=0). Pipelining the DSP48 output will improve performance and often saves power so it is suggested whenever possible to fully pipeline this function.  If this DSP48 function was inferred, it is suggested to describe an additional register stage after this function.  If the DSP48 was instantiated in the design, it is suggested to set the PREG attribute to 1.
Related violations: <none>

DPOP-3#43 Warning
PREG Output pipelining  
DSP g_crow[0].g_ccol[1].u_cluster/u_matmul_unit/euclid_norm_sq_return0__6 output g_crow[0].g_ccol[1].u_cluster/u_matmul_unit/euclid_norm_sq_return0__6/P[47:0] is not pipelined (PREG=0). Pipelining the DSP48 output will improve performance and often saves power so it is suggested whenever possible to fully pipeline this function.  If this DSP48 function was inferred, it is suggested to describe an additional register stage after this function.  If the DSP48 was instantiated in the design, it is suggested to set the PREG attribute to 1.
Related violations: <none>

DPOP-3#44 Warning
PREG Output pipelining  
DSP g_crow[0].g_ccol[1].u_cluster/u_matmul_unit/matmul_func_return0 output g_crow[0].g_ccol[1].u_cluster/u_matmul_unit/matmul_func_return0/P[47:0] is not pipelined (PREG=0). Pipelining the DSP48 output will improve performance and often saves power so it is suggested whenever possible to fully pipeline this function.  If this DSP48 function was inferred, it is suggested to describe an additional register stage after this function.  If the DSP48 was instantiated in the design, it is suggested to set the PREG attribute to 1.
Related violations: <none>

DPOP-3#45 Warning
PREG Output pipelining  
DSP g_crow[0].g_ccol[1].u_cluster/u_matmul_unit/matmul_func_return0__0 output g_crow[0].g_ccol[1].u_cluster/u_matmul_unit/matmul_func_return0__0/P[47:0] is not pipelined (PREG=0). Pipelining the DSP48 output will improve performance and often saves power so it is suggested whenever possible to fully pipeline this function.  If this DSP48 function was inferred, it is suggested to describe an additional register stage after this function.  If the DSP48 was instantiated in the design, it is suggested to set the PREG attribute to 1.
Related violations: <none>

DPOP-3#46 Warning
PREG Output pipelining  
DSP g_crow[0].g_ccol[1].u_cluster/u_matmul_unit/matmul_func_return0__1 output g_crow[0].g_ccol[1].u_cluster/u_matmul_unit/matmul_func_return0__1/P[47:0] is not pipelined (PREG=0). Pipelining the DSP48 output will improve performance and often saves power so it is suggested whenever possible to fully pipeline this function.  If this DSP48 function was inferred, it is suggested to describe an additional register stage after this function.  If the DSP48 was instantiated in the design, it is suggested to set the PREG attribute to 1.
Related violations: <none>

DPOP-3#47 Warning
PREG Output pipelining  
DSP g_crow[0].g_ccol[1].u_cluster/u_matmul_unit/matmul_func_return0__2 output g_crow[0].g_ccol[1].u_cluster/u_matmul_unit/matmul_func_return0__2/P[47:0] is not pipelined (PREG=0). Pipelining the DSP48 output will improve performance and often saves power so it is suggested whenever possible to fully pipeline this function.  If this DSP48 function was inferred, it is suggested to describe an additional register stage after this function.  If the DSP48 was instantiated in the design, it is suggested to set the PREG attribute to 1.
Related violations: <none>

DPOP-3#48 Warning
PREG Output pipelining  
DSP g_crow[0].g_ccol[1].u_cluster/u_matmul_unit/matmul_func_return1 output g_crow[0].g_ccol[1].u_cluster/u_matmul_unit/matmul_func_return1/P[47:0] is not pipelined (PREG=0). Pipelining the DSP48 output will improve performance and often saves power so it is suggested whenever possible to fully pipeline this function.  If this DSP48 function was inferred, it is suggested to describe an additional register stage after this function.  If the DSP48 was instantiated in the design, it is suggested to set the PREG attribute to 1.
Related violations: <none>

DPOP-3#49 Warning
PREG Output pipelining  
DSP g_crow[0].g_ccol[1].u_cluster/u_matmul_unit/matmul_func_return1__0 output g_crow[0].g_ccol[1].u_cluster/u_matmul_unit/matmul_func_return1__0/P[47:0] is not pipelined (PREG=0). Pipelining the DSP48 output will improve performance and often saves power so it is suggested whenever possible to fully pipeline this function.  If this DSP48 function was inferred, it is suggested to describe an additional register stage after this function.  If the DSP48 was instantiated in the design, it is suggested to set the PREG attribute to 1.
Related violations: <none>

DPOP-3#50 Warning
PREG Output pipelining  
DSP g_crow[0].g_ccol[1].u_cluster/u_matmul_unit/matmul_func_return1__1 output g_crow[0].g_ccol[1].u_cluster/u_matmul_unit/matmul_func_return1__1/P[47:0] is not pipelined (PREG=0). Pipelining the DSP48 output will improve performance and often saves power so it is suggested whenever possible to fully pipeline this function.  If this DSP48 function was inferred, it is suggested to describe an additional register stage after this function.  If the DSP48 was instantiated in the design, it is suggested to set the PREG attribute to 1.
Related violations: <none>

DPOP-3#51 Warning
PREG Output pipelining  
DSP g_crow[0].g_ccol[1].u_cluster/u_matmul_unit/matmul_func_return1__2 output g_crow[0].g_ccol[1].u_cluster/u_matmul_unit/matmul_func_return1__2/P[47:0] is not pipelined (PREG=0). Pipelining the DSP48 output will improve performance and often saves power so it is suggested whenever possible to fully pipeline this function.  If this DSP48 function was inferred, it is suggested to describe an additional register stage after this function.  If the DSP48 was instantiated in the design, it is suggested to set the PREG attribute to 1.
Related violations: <none>

DPOP-3#52 Warning
PREG Output pipelining  
DSP g_crow[0].g_ccol[1].u_cluster/u_matmul_unit/matmul_func_return1__3 output g_crow[0].g_ccol[1].u_cluster/u_matmul_unit/matmul_func_return1__3/P[47:0] is not pipelined (PREG=0). Pipelining the DSP48 output will improve performance and often saves power so it is suggested whenever possible to fully pipeline this function.  If this DSP48 function was inferred, it is suggested to describe an additional register stage after this function.  If the DSP48 was instantiated in the design, it is suggested to set the PREG attribute to 1.
Related violations: <none>

DPOP-3#53 Warning
PREG Output pipelining  
DSP g_crow[0].g_ccol[1].u_cluster/u_matmul_unit/mul_result_p20__0 output g_crow[0].g_ccol[1].u_cluster/u_matmul_unit/mul_result_p20__0/P[47:0] is not pipelined (PREG=0). Pipelining the DSP48 output will improve performance and often saves power so it is suggested whenever possible to fully pipeline this function.  If this DSP48 function was inferred, it is suggested to describe an additional register stage after this function.  If the DSP48 was instantiated in the design, it is suggested to set the PREG attribute to 1.
Related violations: <none>

DPOP-3#54 Warning
PREG Output pipelining  
DSP g_crow[0].g_ccol[1].u_cluster/u_matmul_unit/mul_result_p20__2 output g_crow[0].g_ccol[1].u_cluster/u_matmul_unit/mul_result_p20__2/P[47:0] is not pipelined (PREG=0). Pipelining the DSP48 output will improve performance and often saves power so it is suggested whenever possible to fully pipeline this function.  If this DSP48 function was inferred, it is suggested to describe an additional register stage after this function.  If the DSP48 was instantiated in the design, it is suggested to set the PREG attribute to 1.
Related violations: <none>

DPOP-3#55 Warning
PREG Output pipelining  
DSP g_crow[0].g_ccol[1].u_cluster/u_matmul_unit/mul_result_p20__4 output g_crow[0].g_ccol[1].u_cluster/u_matmul_unit/mul_result_p20__4/P[47:0] is not pipelined (PREG=0). Pipelining the DSP48 output will improve performance and often saves power so it is suggested whenever possible to fully pipeline this function.  If this DSP48 function was inferred, it is suggested to describe an additional register stage after this function.  If the DSP48 was instantiated in the design, it is suggested to set the PREG attribute to 1.
Related violations: <none>

DPOP-3#56 Warning
PREG Output pipelining  
DSP g_crow[0].g_ccol[1].u_cluster/u_matmul_unit/mul_result_p20__5 output g_crow[0].g_ccol[1].u_cluster/u_matmul_unit/mul_result_p20__5/P[47:0] is not pipelined (PREG=0). Pipelining the DSP48 output will improve performance and often saves power so it is suggested whenever possible to fully pipeline this function.  If this DSP48 function was inferred, it is suggested to describe an additional register stage after this function.  If the DSP48 was instantiated in the design, it is suggested to set the PREG attribute to 1.
Related violations: <none>

DPOP-3#57 Warning
PREG Output pipelining  
DSP g_crow[0].g_ccol[1].u_cluster/u_matmul_unit/mul_result_p20__7 output g_crow[0].g_ccol[1].u_cluster/u_matmul_unit/mul_result_p20__7/P[47:0] is not pipelined (PREG=0). Pipelining the DSP48 output will improve performance and often saves power so it is suggested whenever possible to fully pipeline this function.  If this DSP48 function was inferred, it is suggested to describe an additional register stage after this function.  If the DSP48 was instantiated in the design, it is suggested to set the PREG attribute to 1.
Related violations: <none>

DPOP-3#58 Warning
PREG Output pipelining  
DSP g_crow[0].g_ccol[1].u_cluster/u_matmul_unit/mul_result_p20__8 output g_crow[0].g_ccol[1].u_cluster/u_matmul_unit/mul_result_p20__8/P[47:0] is not pipelined (PREG=0). Pipelining the DSP48 output will improve performance and often saves power so it is suggested whenever possible to fully pipeline this function.  If this DSP48 function was inferred, it is suggested to describe an additional register stage after this function.  If the DSP48 was instantiated in the design, it is suggested to set the PREG attribute to 1.
Related violations: <none>

DPOP-3#59 Warning
PREG Output pipelining  
DSP g_crow[1].g_ccol[0].u_cluster/u_matmul_unit/einsum_dot_return0__1 output g_crow[1].g_ccol[0].u_cluster/u_matmul_unit/einsum_dot_return0__1/P[47:0] is not pipelined (PREG=0). Pipelining the DSP48 output will improve performance and often saves power so it is suggested whenever possible to fully pipeline this function.  If this DSP48 function was inferred, it is suggested to describe an additional register stage after this function.  If the DSP48 was instantiated in the design, it is suggested to set the PREG attribute to 1.
Related violations: <none>

DPOP-3#60 Warning
PREG Output pipelining  
DSP g_crow[1].g_ccol[0].u_cluster/u_matmul_unit/einsum_hadamard_return0 output g_crow[1].g_ccol[0].u_cluster/u_matmul_unit/einsum_hadamard_return0/P[47:0] is not pipelined (PREG=0). Pipelining the DSP48 output will improve performance and often saves power so it is suggested whenever possible to fully pipeline this function.  If this DSP48 function was inferred, it is suggested to describe an additional register stage after this function.  If the DSP48 was instantiated in the design, it is suggested to set the PREG attribute to 1.
Related violations: <none>

DPOP-3#61 Warning
PREG Output pipelining  
DSP g_crow[1].g_ccol[0].u_cluster/u_matmul_unit/einsum_hadamard_return0__0 output g_crow[1].g_ccol[0].u_cluster/u_matmul_unit/einsum_hadamard_return0__0/P[47:0] is not pipelined (PREG=0). Pipelining the DSP48 output will improve performance and often saves power so it is suggested whenever possible to fully pipeline this function.  If this DSP48 function was inferred, it is suggested to describe an additional register stage after this function.  If the DSP48 was instantiated in the design, it is suggested to set the PREG attribute to 1.
Related violations: <none>

DPOP-3#62 Warning
PREG Output pipelining  
DSP g_crow[1].g_ccol[0].u_cluster/u_matmul_unit/einsum_mat_vec_return0 output g_crow[1].g_ccol[0].u_cluster/u_matmul_unit/einsum_mat_vec_return0/P[47:0] is not pipelined (PREG=0). Pipelining the DSP48 output will improve performance and often saves power so it is suggested whenever possible to fully pipeline this function.  If this DSP48 function was inferred, it is suggested to describe an additional register stage after this function.  If the DSP48 was instantiated in the design, it is suggested to set the PREG attribute to 1.
Related violations: <none>

DPOP-3#63 Warning
PREG Output pipelining  
DSP g_crow[1].g_ccol[0].u_cluster/u_matmul_unit/einsum_mat_vec_return0__0 output g_crow[1].g_ccol[0].u_cluster/u_matmul_unit/einsum_mat_vec_return0__0/P[47:0] is not pipelined (PREG=0). Pipelining the DSP48 output will improve performance and often saves power so it is suggested whenever possible to fully pipeline this function.  If this DSP48 function was inferred, it is suggested to describe an additional register stage after this function.  If the DSP48 was instantiated in the design, it is suggested to set the PREG attribute to 1.
Related violations: <none>

DPOP-3#64 Warning
PREG Output pipelining  
DSP g_crow[1].g_ccol[0].u_cluster/u_matmul_unit/einsum_outer_return0 output g_crow[1].g_ccol[0].u_cluster/u_matmul_unit/einsum_outer_return0/P[47:0] is not pipelined (PREG=0). Pipelining the DSP48 output will improve performance and often saves power so it is suggested whenever possible to fully pipeline this function.  If this DSP48 function was inferred, it is suggested to describe an additional register stage after this function.  If the DSP48 was instantiated in the design, it is suggested to set the PREG attribute to 1.
Related violations: <none>

DPOP-3#65 Warning
PREG Output pipelining  
DSP g_crow[1].g_ccol[0].u_cluster/u_matmul_unit/euclid_norm_sq_return0 output g_crow[1].g_ccol[0].u_cluster/u_matmul_unit/euclid_norm_sq_return0/P[47:0] is not pipelined (PREG=0). Pipelining the DSP48 output will improve performance and often saves power so it is suggested whenever possible to fully pipeline this function.  If this DSP48 function was inferred, it is suggested to describe an additional register stage after this function.  If the DSP48 was instantiated in the design, it is suggested to set the PREG attribute to 1.
Related violations: <none>

DPOP-3#66 Warning
PREG Output pipelining  
DSP g_crow[1].g_ccol[0].u_cluster/u_matmul_unit/euclid_norm_sq_return0__0 output g_crow[1].g_ccol[0].u_cluster/u_matmul_unit/euclid_norm_sq_return0__0/P[47:0] is not pipelined (PREG=0). Pipelining the DSP48 output will improve performance and often saves power so it is suggested whenever possible to fully pipeline this function.  If this DSP48 function was inferred, it is suggested to describe an additional register stage after this function.  If the DSP48 was instantiated in the design, it is suggested to set the PREG attribute to 1.
Related violations: <none>

DPOP-3#67 Warning
PREG Output pipelining  
DSP g_crow[1].g_ccol[0].u_cluster/u_matmul_unit/euclid_norm_sq_return0__1 output g_crow[1].g_ccol[0].u_cluster/u_matmul_unit/euclid_norm_sq_return0__1/P[47:0] is not pipelined (PREG=0). Pipelining the DSP48 output will improve performance and often saves power so it is suggested whenever possible to fully pipeline this function.  If this DSP48 function was inferred, it is suggested to describe an additional register stage after this function.  If the DSP48 was instantiated in the design, it is suggested to set the PREG attribute to 1.
Related violations: <none>

DPOP-3#68 Warning
PREG Output pipelining  
DSP g_crow[1].g_ccol[0].u_cluster/u_matmul_unit/euclid_norm_sq_return0__2 output g_crow[1].g_ccol[0].u_cluster/u_matmul_unit/euclid_norm_sq_return0__2/P[47:0] is not pipelined (PREG=0). Pipelining the DSP48 output will improve performance and often saves power so it is suggested whenever possible to fully pipeline this function.  If this DSP48 function was inferred, it is suggested to describe an additional register stage after this function.  If the DSP48 was instantiated in the design, it is suggested to set the PREG attribute to 1.
Related violations: <none>

DPOP-3#69 Warning
PREG Output pipelining  
DSP g_crow[1].g_ccol[0].u_cluster/u_matmul_unit/euclid_norm_sq_return0__3 output g_crow[1].g_ccol[0].u_cluster/u_matmul_unit/euclid_norm_sq_return0__3/P[47:0] is not pipelined (PREG=0). Pipelining the DSP48 output will improve performance and often saves power so it is suggested whenever possible to fully pipeline this function.  If this DSP48 function was inferred, it is suggested to describe an additional register stage after this function.  If the DSP48 was instantiated in the design, it is suggested to set the PREG attribute to 1.
Related violations: <none>

DPOP-3#70 Warning
PREG Output pipelining  
DSP g_crow[1].g_ccol[0].u_cluster/u_matmul_unit/euclid_norm_sq_return0__4 output g_crow[1].g_ccol[0].u_cluster/u_matmul_unit/euclid_norm_sq_return0__4/P[47:0] is not pipelined (PREG=0). Pipelining the DSP48 output will improve performance and often saves power so it is suggested whenever possible to fully pipeline this function.  If this DSP48 function was inferred, it is suggested to describe an additional register stage after this function.  If the DSP48 was instantiated in the design, it is suggested to set the PREG attribute to 1.
Related violations: <none>

DPOP-3#71 Warning
PREG Output pipelining  
DSP g_crow[1].g_ccol[0].u_cluster/u_matmul_unit/euclid_norm_sq_return0__5 output g_crow[1].g_ccol[0].u_cluster/u_matmul_unit/euclid_norm_sq_return0__5/P[47:0] is not pipelined (PREG=0). Pipelining the DSP48 output will improve performance and often saves power so it is suggested whenever possible to fully pipeline this function.  If this DSP48 function was inferred, it is suggested to describe an additional register stage after this function.  If the DSP48 was instantiated in the design, it is suggested to set the PREG attribute to 1.
Related violations: <none>

DPOP-3#72 Warning
PREG Output pipelining  
DSP g_crow[1].g_ccol[0].u_cluster/u_matmul_unit/euclid_norm_sq_return0__6 output g_crow[1].g_ccol[0].u_cluster/u_matmul_unit/euclid_norm_sq_return0__6/P[47:0] is not pipelined (PREG=0). Pipelining the DSP48 output will improve performance and often saves power so it is suggested whenever possible to fully pipeline this function.  If this DSP48 function was inferred, it is suggested to describe an additional register stage after this function.  If the DSP48 was instantiated in the design, it is suggested to set the PREG attribute to 1.
Related violations: <none>

DPOP-3#73 Warning
PREG Output pipelining  
DSP g_crow[1].g_ccol[0].u_cluster/u_matmul_unit/matmul_func_return0 output g_crow[1].g_ccol[0].u_cluster/u_matmul_unit/matmul_func_return0/P[47:0] is not pipelined (PREG=0). Pipelining the DSP48 output will improve performance and often saves power so it is suggested whenever possible to fully pipeline this function.  If this DSP48 function was inferred, it is suggested to describe an additional register stage after this function.  If the DSP48 was instantiated in the design, it is suggested to set the PREG attribute to 1.
Related violations: <none>

DPOP-3#74 Warning
PREG Output pipelining  
DSP g_crow[1].g_ccol[0].u_cluster/u_matmul_unit/matmul_func_return0__0 output g_crow[1].g_ccol[0].u_cluster/u_matmul_unit/matmul_func_return0__0/P[47:0] is not pipelined (PREG=0). Pipelining the DSP48 output will improve performance and often saves power so it is suggested whenever possible to fully pipeline this function.  If this DSP48 function was inferred, it is suggested to describe an additional register stage after this function.  If the DSP48 was instantiated in the design, it is suggested to set the PREG attribute to 1.
Related violations: <none>

DPOP-3#75 Warning
PREG Output pipelining  
DSP g_crow[1].g_ccol[0].u_cluster/u_matmul_unit/matmul_func_return0__1 output g_crow[1].g_ccol[0].u_cluster/u_matmul_unit/matmul_func_return0__1/P[47:0] is not pipelined (PREG=0). Pipelining the DSP48 output will improve performance and often saves power so it is suggested whenever possible to fully pipeline this function.  If this DSP48 function was inferred, it is suggested to describe an additional register stage after this function.  If the DSP48 was instantiated in the design, it is suggested to set the PREG attribute to 1.
Related violations: <none>

DPOP-3#76 Warning
PREG Output pipelining  
DSP g_crow[1].g_ccol[0].u_cluster/u_matmul_unit/matmul_func_return0__2 output g_crow[1].g_ccol[0].u_cluster/u_matmul_unit/matmul_func_return0__2/P[47:0] is not pipelined (PREG=0). Pipelining the DSP48 output will improve performance and often saves power so it is suggested whenever possible to fully pipeline this function.  If this DSP48 function was inferred, it is suggested to describe an additional register stage after this function.  If the DSP48 was instantiated in the design, it is suggested to set the PREG attribute to 1.
Related violations: <none>

DPOP-3#77 Warning
PREG Output pipelining  
DSP g_crow[1].g_ccol[0].u_cluster/u_matmul_unit/matmul_func_return1 output g_crow[1].g_ccol[0].u_cluster/u_matmul_unit/matmul_func_return1/P[47:0] is not pipelined (PREG=0). Pipelining the DSP48 output will improve performance and often saves power so it is suggested whenever possible to fully pipeline this function.  If this DSP48 function was inferred, it is suggested to describe an additional register stage after this function.  If the DSP48 was instantiated in the design, it is suggested to set the PREG attribute to 1.
Related violations: <none>

DPOP-3#78 Warning
PREG Output pipelining  
DSP g_crow[1].g_ccol[0].u_cluster/u_matmul_unit/matmul_func_return1__0 output g_crow[1].g_ccol[0].u_cluster/u_matmul_unit/matmul_func_return1__0/P[47:0] is not pipelined (PREG=0). Pipelining the DSP48 output will improve performance and often saves power so it is suggested whenever possible to fully pipeline this function.  If this DSP48 function was inferred, it is suggested to describe an additional register stage after this function.  If the DSP48 was instantiated in the design, it is suggested to set the PREG attribute to 1.
Related violations: <none>

DPOP-3#79 Warning
PREG Output pipelining  
DSP g_crow[1].g_ccol[0].u_cluster/u_matmul_unit/matmul_func_return1__1 output g_crow[1].g_ccol[0].u_cluster/u_matmul_unit/matmul_func_return1__1/P[47:0] is not pipelined (PREG=0). Pipelining the DSP48 output will improve performance and often saves power so it is suggested whenever possible to fully pipeline this function.  If this DSP48 function was inferred, it is suggested to describe an additional register stage after this function.  If the DSP48 was instantiated in the design, it is suggested to set the PREG attribute to 1.
Related violations: <none>

DPOP-3#80 Warning
PREG Output pipelining  
DSP g_crow[1].g_ccol[0].u_cluster/u_matmul_unit/matmul_func_return1__2 output g_crow[1].g_ccol[0].u_cluster/u_matmul_unit/matmul_func_return1__2/P[47:0] is not pipelined (PREG=0). Pipelining the DSP48 output will improve performance and often saves power so it is suggested whenever possible to fully pipeline this function.  If this DSP48 function was inferred, it is suggested to describe an additional register stage after this function.  If the DSP48 was instantiated in the design, it is suggested to set the PREG attribute to 1.
Related violations: <none>

DPOP-3#81 Warning
PREG Output pipelining  
DSP g_crow[1].g_ccol[0].u_cluster/u_matmul_unit/matmul_func_return1__3 output g_crow[1].g_ccol[0].u_cluster/u_matmul_unit/matmul_func_return1__3/P[47:0] is not pipelined (PREG=0). Pipelining the DSP48 output will improve performance and often saves power so it is suggested whenever possible to fully pipeline this function.  If this DSP48 function was inferred, it is suggested to describe an additional register stage after this function.  If the DSP48 was instantiated in the design, it is suggested to set the PREG attribute to 1.
Related violations: <none>

DPOP-3#82 Warning
PREG Output pipelining  
DSP g_crow[1].g_ccol[0].u_cluster/u_matmul_unit/mul_result_p20__0 output g_crow[1].g_ccol[0].u_cluster/u_matmul_unit/mul_result_p20__0/P[47:0] is not pipelined (PREG=0). Pipelining the DSP48 output will improve performance and often saves power so it is suggested whenever possible to fully pipeline this function.  If this DSP48 function was inferred, it is suggested to describe an additional register stage after this function.  If the DSP48 was instantiated in the design, it is suggested to set the PREG attribute to 1.
Related violations: <none>

DPOP-3#83 Warning
PREG Output pipelining  
DSP g_crow[1].g_ccol[0].u_cluster/u_matmul_unit/mul_result_p20__2 output g_crow[1].g_ccol[0].u_cluster/u_matmul_unit/mul_result_p20__2/P[47:0] is not pipelined (PREG=0). Pipelining the DSP48 output will improve performance and often saves power so it is suggested whenever possible to fully pipeline this function.  If this DSP48 function was inferred, it is suggested to describe an additional register stage after this function.  If the DSP48 was instantiated in the design, it is suggested to set the PREG attribute to 1.
Related violations: <none>

DPOP-3#84 Warning
PREG Output pipelining  
DSP g_crow[1].g_ccol[0].u_cluster/u_matmul_unit/mul_result_p20__4 output g_crow[1].g_ccol[0].u_cluster/u_matmul_unit/mul_result_p20__4/P[47:0] is not pipelined (PREG=0). Pipelining the DSP48 output will improve performance and often saves power so it is suggested whenever possible to fully pipeline this function.  If this DSP48 function was inferred, it is suggested to describe an additional register stage after this function.  If the DSP48 was instantiated in the design, it is suggested to set the PREG attribute to 1.
Related violations: <none>

DPOP-3#85 Warning
PREG Output pipelining  
DSP g_crow[1].g_ccol[0].u_cluster/u_matmul_unit/mul_result_p20__5 output g_crow[1].g_ccol[0].u_cluster/u_matmul_unit/mul_result_p20__5/P[47:0] is not pipelined (PREG=0). Pipelining the DSP48 output will improve performance and often saves power so it is suggested whenever possible to fully pipeline this function.  If this DSP48 function was inferred, it is suggested to describe an additional register stage after this function.  If the DSP48 was instantiated in the design, it is suggested to set the PREG attribute to 1.
Related violations: <none>

DPOP-3#86 Warning
PREG Output pipelining  
DSP g_crow[1].g_ccol[0].u_cluster/u_matmul_unit/mul_result_p20__7 output g_crow[1].g_ccol[0].u_cluster/u_matmul_unit/mul_result_p20__7/P[47:0] is not pipelined (PREG=0). Pipelining the DSP48 output will improve performance and often saves power so it is suggested whenever possible to fully pipeline this function.  If this DSP48 function was inferred, it is suggested to describe an additional register stage after this function.  If the DSP48 was instantiated in the design, it is suggested to set the PREG attribute to 1.
Related violations: <none>

DPOP-3#87 Warning
PREG Output pipelining  
DSP g_crow[1].g_ccol[0].u_cluster/u_matmul_unit/mul_result_p20__8 output g_crow[1].g_ccol[0].u_cluster/u_matmul_unit/mul_result_p20__8/P[47:0] is not pipelined (PREG=0). Pipelining the DSP48 output will improve performance and often saves power so it is suggested whenever possible to fully pipeline this function.  If this DSP48 function was inferred, it is suggested to describe an additional register stage after this function.  If the DSP48 was instantiated in the design, it is suggested to set the PREG attribute to 1.
Related violations: <none>

DPOP-3#88 Warning
PREG Output pipelining  
DSP g_crow[1].g_ccol[1].u_cluster/u_matmul_unit/einsum_dot_return0__1 output g_crow[1].g_ccol[1].u_cluster/u_matmul_unit/einsum_dot_return0__1/P[47:0] is not pipelined (PREG=0). Pipelining the DSP48 output will improve performance and often saves power so it is suggested whenever possible to fully pipeline this function.  If this DSP48 function was inferred, it is suggested to describe an additional register stage after this function.  If the DSP48 was instantiated in the design, it is suggested to set the PREG attribute to 1.
Related violations: <none>

DPOP-3#89 Warning
PREG Output pipelining  
DSP g_crow[1].g_ccol[1].u_cluster/u_matmul_unit/einsum_hadamard_return0 output g_crow[1].g_ccol[1].u_cluster/u_matmul_unit/einsum_hadamard_return0/P[47:0] is not pipelined (PREG=0). Pipelining the DSP48 output will improve performance and often saves power so it is suggested whenever possible to fully pipeline this function.  If this DSP48 function was inferred, it is suggested to describe an additional register stage after this function.  If the DSP48 was instantiated in the design, it is suggested to set the PREG attribute to 1.
Related violations: <none>

DPOP-3#90 Warning
PREG Output pipelining  
DSP g_crow[1].g_ccol[1].u_cluster/u_matmul_unit/einsum_hadamard_return0__0 output g_crow[1].g_ccol[1].u_cluster/u_matmul_unit/einsum_hadamard_return0__0/P[47:0] is not pipelined (PREG=0). Pipelining the DSP48 output will improve performance and often saves power so it is suggested whenever possible to fully pipeline this function.  If this DSP48 function was inferred, it is suggested to describe an additional register stage after this function.  If the DSP48 was instantiated in the design, it is suggested to set the PREG attribute to 1.
Related violations: <none>

DPOP-3#91 Warning
PREG Output pipelining  
DSP g_crow[1].g_ccol[1].u_cluster/u_matmul_unit/einsum_mat_vec_return0 output g_crow[1].g_ccol[1].u_cluster/u_matmul_unit/einsum_mat_vec_return0/P[47:0] is not pipelined (PREG=0). Pipelining the DSP48 output will improve performance and often saves power so it is suggested whenever possible to fully pipeline this function.  If this DSP48 function was inferred, it is suggested to describe an additional register stage after this function.  If the DSP48 was instantiated in the design, it is suggested to set the PREG attribute to 1.
Related violations: <none>

DPOP-3#92 Warning
PREG Output pipelining  
DSP g_crow[1].g_ccol[1].u_cluster/u_matmul_unit/einsum_mat_vec_return0__0 output g_crow[1].g_ccol[1].u_cluster/u_matmul_unit/einsum_mat_vec_return0__0/P[47:0] is not pipelined (PREG=0). Pipelining the DSP48 output will improve performance and often saves power so it is suggested whenever possible to fully pipeline this function.  If this DSP48 function was inferred, it is suggested to describe an additional register stage after this function.  If the DSP48 was instantiated in the design, it is suggested to set the PREG attribute to 1.
Related violations: <none>

DPOP-3#93 Warning
PREG Output pipelining  
DSP g_crow[1].g_ccol[1].u_cluster/u_matmul_unit/einsum_outer_return0 output g_crow[1].g_ccol[1].u_cluster/u_matmul_unit/einsum_outer_return0/P[47:0] is not pipelined (PREG=0). Pipelining the DSP48 output will improve performance and often saves power so it is suggested whenever possible to fully pipeline this function.  If this DSP48 function was inferred, it is suggested to describe an additional register stage after this function.  If the DSP48 was instantiated in the design, it is suggested to set the PREG attribute to 1.
Related violations: <none>

DPOP-3#94 Warning
PREG Output pipelining  
DSP g_crow[1].g_ccol[1].u_cluster/u_matmul_unit/euclid_norm_sq_return0 output g_crow[1].g_ccol[1].u_cluster/u_matmul_unit/euclid_norm_sq_return0/P[47:0] is not pipelined (PREG=0). Pipelining the DSP48 output will improve performance and often saves power so it is suggested whenever possible to fully pipeline this function.  If this DSP48 function was inferred, it is suggested to describe an additional register stage after this function.  If the DSP48 was instantiated in the design, it is suggested to set the PREG attribute to 1.
Related violations: <none>

DPOP-3#95 Warning
PREG Output pipelining  
DSP g_crow[1].g_ccol[1].u_cluster/u_matmul_unit/euclid_norm_sq_return0__0 output g_crow[1].g_ccol[1].u_cluster/u_matmul_unit/euclid_norm_sq_return0__0/P[47:0] is not pipelined (PREG=0). Pipelining the DSP48 output will improve performance and often saves power so it is suggested whenever possible to fully pipeline this function.  If this DSP48 function was inferred, it is suggested to describe an additional register stage after this function.  If the DSP48 was instantiated in the design, it is suggested to set the PREG attribute to 1.
Related violations: <none>

DPOP-3#96 Warning
PREG Output pipelining  
DSP g_crow[1].g_ccol[1].u_cluster/u_matmul_unit/euclid_norm_sq_return0__1 output g_crow[1].g_ccol[1].u_cluster/u_matmul_unit/euclid_norm_sq_return0__1/P[47:0] is not pipelined (PREG=0). Pipelining the DSP48 output will improve performance and often saves power so it is suggested whenever possible to fully pipeline this function.  If this DSP48 function was inferred, it is suggested to describe an additional register stage after this function.  If the DSP48 was instantiated in the design, it is suggested to set the PREG attribute to 1.
Related violations: <none>

DPOP-3#97 Warning
PREG Output pipelining  
DSP g_crow[1].g_ccol[1].u_cluster/u_matmul_unit/euclid_norm_sq_return0__2 output g_crow[1].g_ccol[1].u_cluster/u_matmul_unit/euclid_norm_sq_return0__2/P[47:0] is not pipelined (PREG=0). Pipelining the DSP48 output will improve performance and often saves power so it is suggested whenever possible to fully pipeline this function.  If this DSP48 function was inferred, it is suggested to describe an additional register stage after this function.  If the DSP48 was instantiated in the design, it is suggested to set the PREG attribute to 1.
Related violations: <none>

DPOP-3#98 Warning
PREG Output pipelining  
DSP g_crow[1].g_ccol[1].u_cluster/u_matmul_unit/euclid_norm_sq_return0__3 output g_crow[1].g_ccol[1].u_cluster/u_matmul_unit/euclid_norm_sq_return0__3/P[47:0] is not pipelined (PREG=0). Pipelining the DSP48 output will improve performance and often saves power so it is suggested whenever possible to fully pipeline this function.  If this DSP48 function was inferred, it is suggested to describe an additional register stage after this function.  If the DSP48 was instantiated in the design, it is suggested to set the PREG attribute to 1.
Related violations: <none>

DPOP-3#99 Warning
PREG Output pipelining  
DSP g_crow[1].g_ccol[1].u_cluster/u_matmul_unit/euclid_norm_sq_return0__4 output g_crow[1].g_ccol[1].u_cluster/u_matmul_unit/euclid_norm_sq_return0__4/P[47:0] is not pipelined (PREG=0). Pipelining the DSP48 output will improve performance and often saves power so it is suggested whenever possible to fully pipeline this function.  If this DSP48 function was inferred, it is suggested to describe an additional register stage after this function.  If the DSP48 was instantiated in the design, it is suggested to set the PREG attribute to 1.
Related violations: <none>

DPOP-3#100 Warning
PREG Output pipelining  
DSP g_crow[1].g_ccol[1].u_cluster/u_matmul_unit/euclid_norm_sq_return0__5 output g_crow[1].g_ccol[1].u_cluster/u_matmul_unit/euclid_norm_sq_return0__5/P[47:0] is not pipelined (PREG=0). Pipelining the DSP48 output will improve performance and often saves power so it is suggested whenever possible to fully pipeline this function.  If this DSP48 function was inferred, it is suggested to describe an additional register stage after this function.  If the DSP48 was instantiated in the design, it is suggested to set the PREG attribute to 1.
Related violations: <none>

DPOP-3#101 Warning
PREG Output pipelining  
DSP g_crow[1].g_ccol[1].u_cluster/u_matmul_unit/euclid_norm_sq_return0__6 output g_crow[1].g_ccol[1].u_cluster/u_matmul_unit/euclid_norm_sq_return0__6/P[47:0] is not pipelined (PREG=0). Pipelining the DSP48 output will improve performance and often saves power so it is suggested whenever possible to fully pipeline this function.  If this DSP48 function was inferred, it is suggested to describe an additional register stage after this function.  If the DSP48 was instantiated in the design, it is suggested to set the PREG attribute to 1.
Related violations: <none>

DPOP-3#102 Warning
PREG Output pipelining  
DSP g_crow[1].g_ccol[1].u_cluster/u_matmul_unit/matmul_func_return0 output g_crow[1].g_ccol[1].u_cluster/u_matmul_unit/matmul_func_return0/P[47:0] is not pipelined (PREG=0). Pipelining the DSP48 output will improve performance and often saves power so it is suggested whenever possible to fully pipeline this function.  If this DSP48 function was inferred, it is suggested to describe an additional register stage after this function.  If the DSP48 was instantiated in the design, it is suggested to set the PREG attribute to 1.
Related violations: <none>

DPOP-3#103 Warning
PREG Output pipelining  
DSP g_crow[1].g_ccol[1].u_cluster/u_matmul_unit/matmul_func_return0__0 output g_crow[1].g_ccol[1].u_cluster/u_matmul_unit/matmul_func_return0__0/P[47:0] is not pipelined (PREG=0). Pipelining the DSP48 output will improve performance and often saves power so it is suggested whenever possible to fully pipeline this function.  If this DSP48 function was inferred, it is suggested to describe an additional register stage after this function.  If the DSP48 was instantiated in the design, it is suggested to set the PREG attribute to 1.
Related violations: <none>

DPOP-3#104 Warning
PREG Output pipelining  
DSP g_crow[1].g_ccol[1].u_cluster/u_matmul_unit/matmul_func_return0__1 output g_crow[1].g_ccol[1].u_cluster/u_matmul_unit/matmul_func_return0__1/P[47:0] is not pipelined (PREG=0). Pipelining the DSP48 output will improve performance and often saves power so it is suggested whenever possible to fully pipeline this function.  If this DSP48 function was inferred, it is suggested to describe an additional register stage after this function.  If the DSP48 was instantiated in the design, it is suggested to set the PREG attribute to 1.
Related violations: <none>

DPOP-3#105 Warning
PREG Output pipelining  
DSP g_crow[1].g_ccol[1].u_cluster/u_matmul_unit/matmul_func_return0__2 output g_crow[1].g_ccol[1].u_cluster/u_matmul_unit/matmul_func_return0__2/P[47:0] is not pipelined (PREG=0). Pipelining the DSP48 output will improve performance and often saves power so it is suggested whenever possible to fully pipeline this function.  If this DSP48 function was inferred, it is suggested to describe an additional register stage after this function.  If the DSP48 was instantiated in the design, it is suggested to set the PREG attribute to 1.
Related violations: <none>

DPOP-3#106 Warning
PREG Output pipelining  
DSP g_crow[1].g_ccol[1].u_cluster/u_matmul_unit/matmul_func_return1 output g_crow[1].g_ccol[1].u_cluster/u_matmul_unit/matmul_func_return1/P[47:0] is not pipelined (PREG=0). Pipelining the DSP48 output will improve performance and often saves power so it is suggested whenever possible to fully pipeline this function.  If this DSP48 function was inferred, it is suggested to describe an additional register stage after this function.  If the DSP48 was instantiated in the design, it is suggested to set the PREG attribute to 1.
Related violations: <none>

DPOP-3#107 Warning
PREG Output pipelining  
DSP g_crow[1].g_ccol[1].u_cluster/u_matmul_unit/matmul_func_return1__0 output g_crow[1].g_ccol[1].u_cluster/u_matmul_unit/matmul_func_return1__0/P[47:0] is not pipelined (PREG=0). Pipelining the DSP48 output will improve performance and often saves power so it is suggested whenever possible to fully pipeline this function.  If this DSP48 function was inferred, it is suggested to describe an additional register stage after this function.  If the DSP48 was instantiated in the design, it is suggested to set the PREG attribute to 1.
Related violations: <none>

DPOP-3#108 Warning
PREG Output pipelining  
DSP g_crow[1].g_ccol[1].u_cluster/u_matmul_unit/matmul_func_return1__1 output g_crow[1].g_ccol[1].u_cluster/u_matmul_unit/matmul_func_return1__1/P[47:0] is not pipelined (PREG=0). Pipelining the DSP48 output will improve performance and often saves power so it is suggested whenever possible to fully pipeline this function.  If this DSP48 function was inferred, it is suggested to describe an additional register stage after this function.  If the DSP48 was instantiated in the design, it is suggested to set the PREG attribute to 1.
Related violations: <none>

DPOP-3#109 Warning
PREG Output pipelining  
DSP g_crow[1].g_ccol[1].u_cluster/u_matmul_unit/matmul_func_return1__2 output g_crow[1].g_ccol[1].u_cluster/u_matmul_unit/matmul_func_return1__2/P[47:0] is not pipelined (PREG=0). Pipelining the DSP48 output will improve performance and often saves power so it is suggested whenever possible to fully pipeline this function.  If this DSP48 function was inferred, it is suggested to describe an additional register stage after this function.  If the DSP48 was instantiated in the design, it is suggested to set the PREG attribute to 1.
Related violations: <none>

DPOP-3#110 Warning
PREG Output pipelining  
DSP g_crow[1].g_ccol[1].u_cluster/u_matmul_unit/matmul_func_return1__3 output g_crow[1].g_ccol[1].u_cluster/u_matmul_unit/matmul_func_return1__3/P[47:0] is not pipelined (PREG=0). Pipelining the DSP48 output will improve performance and often saves power so it is suggested whenever possible to fully pipeline this function.  If this DSP48 function was inferred, it is suggested to describe an additional register stage after this function.  If the DSP48 was instantiated in the design, it is suggested to set the PREG attribute to 1.
Related violations: <none>

DPOP-3#111 Warning
PREG Output pipelining  
DSP g_crow[1].g_ccol[1].u_cluster/u_matmul_unit/mul_result_p20__0 output g_crow[1].g_ccol[1].u_cluster/u_matmul_unit/mul_result_p20__0/P[47:0] is not pipelined (PREG=0). Pipelining the DSP48 output will improve performance and often saves power so it is suggested whenever possible to fully pipeline this function.  If this DSP48 function was inferred, it is suggested to describe an additional register stage after this function.  If the DSP48 was instantiated in the design, it is suggested to set the PREG attribute to 1.
Related violations: <none>

DPOP-3#112 Warning
PREG Output pipelining  
DSP g_crow[1].g_ccol[1].u_cluster/u_matmul_unit/mul_result_p20__2 output g_crow[1].g_ccol[1].u_cluster/u_matmul_unit/mul_result_p20__2/P[47:0] is not pipelined (PREG=0). Pipelining the DSP48 output will improve performance and often saves power so it is suggested whenever possible to fully pipeline this function.  If this DSP48 function was inferred, it is suggested to describe an additional register stage after this function.  If the DSP48 was instantiated in the design, it is suggested to set the PREG attribute to 1.
Related violations: <none>

DPOP-3#113 Warning
PREG Output pipelining  
DSP g_crow[1].g_ccol[1].u_cluster/u_matmul_unit/mul_result_p20__4 output g_crow[1].g_ccol[1].u_cluster/u_matmul_unit/mul_result_p20__4/P[47:0] is not pipelined (PREG=0). Pipelining the DSP48 output will improve performance and often saves power so it is suggested whenever possible to fully pipeline this function.  If this DSP48 function was inferred, it is suggested to describe an additional register stage after this function.  If the DSP48 was instantiated in the design, it is suggested to set the PREG attribute to 1.
Related violations: <none>

DPOP-3#114 Warning
PREG Output pipelining  
DSP g_crow[1].g_ccol[1].u_cluster/u_matmul_unit/mul_result_p20__5 output g_crow[1].g_ccol[1].u_cluster/u_matmul_unit/mul_result_p20__5/P[47:0] is not pipelined (PREG=0). Pipelining the DSP48 output will improve performance and often saves power so it is suggested whenever possible to fully pipeline this function.  If this DSP48 function was inferred, it is suggested to describe an additional register stage after this function.  If the DSP48 was instantiated in the design, it is suggested to set the PREG attribute to 1.
Related violations: <none>

DPOP-3#115 Warning
PREG Output pipelining  
DSP g_crow[1].g_ccol[1].u_cluster/u_matmul_unit/mul_result_p20__7 output g_crow[1].g_ccol[1].u_cluster/u_matmul_unit/mul_result_p20__7/P[47:0] is not pipelined (PREG=0). Pipelining the DSP48 output will improve performance and often saves power so it is suggested whenever possible to fully pipeline this function.  If this DSP48 function was inferred, it is suggested to describe an additional register stage after this function.  If the DSP48 was instantiated in the design, it is suggested to set the PREG attribute to 1.
Related violations: <none>

DPOP-3#116 Warning
PREG Output pipelining  
DSP g_crow[1].g_ccol[1].u_cluster/u_matmul_unit/mul_result_p20__8 output g_crow[1].g_ccol[1].u_cluster/u_matmul_unit/mul_result_p20__8/P[47:0] is not pipelined (PREG=0). Pipelining the DSP48 output will improve performance and often saves power so it is suggested whenever possible to fully pipeline this function.  If this DSP48 function was inferred, it is suggested to describe an additional register stage after this function.  If the DSP48 was instantiated in the design, it is suggested to set the PREG attribute to 1.
Related violations: <none>

DPOP-4#1 Warning
MREG Output pipelining  
DSP g_crow[0].g_ccol[0].u_cluster/u_matmul_unit/einsum_dot_return0__1 multiplier stage g_crow[0].g_ccol[0].u_cluster/u_matmul_unit/einsum_dot_return0__1/P[47:0] is not pipelined (MREG=0). Pipelining the multiplier function will improve performance and will save significant power so it is suggested whenever possible to fully pipeline this function.  If this multiplier was inferred, it is suggested to describe an additional register stage after this function.  If there is no registered adder/accumulator following the multiply function, two pipeline stages are suggested to allow both the MREG and PREG registers to be used.  If the DSP48 was instantiated in the design, it is suggested to set both the MREG and PREG attributes to 1 when performing multiply functions.
Related violations: <none>

DPOP-4#2 Warning
MREG Output pipelining  
DSP g_crow[0].g_ccol[0].u_cluster/u_matmul_unit/einsum_hadamard_return0 multiplier stage g_crow[0].g_ccol[0].u_cluster/u_matmul_unit/einsum_hadamard_return0/P[47:0] is not pipelined (MREG=0). Pipelining the multiplier function will improve performance and will save significant power so it is suggested whenever possible to fully pipeline this function.  If this multiplier was inferred, it is suggested to describe an additional register stage after this function.  If there is no registered adder/accumulator following the multiply function, two pipeline stages are suggested to allow both the MREG and PREG registers to be used.  If the DSP48 was instantiated in the design, it is suggested to set both the MREG and PREG attributes to 1 when performing multiply functions.
Related violations: <none>

DPOP-4#3 Warning
MREG Output pipelining  
DSP g_crow[0].g_ccol[0].u_cluster/u_matmul_unit/einsum_hadamard_return0__0 multiplier stage g_crow[0].g_ccol[0].u_cluster/u_matmul_unit/einsum_hadamard_return0__0/P[47:0] is not pipelined (MREG=0). Pipelining the multiplier function will improve performance and will save significant power so it is suggested whenever possible to fully pipeline this function.  If this multiplier was inferred, it is suggested to describe an additional register stage after this function.  If there is no registered adder/accumulator following the multiply function, two pipeline stages are suggested to allow both the MREG and PREG registers to be used.  If the DSP48 was instantiated in the design, it is suggested to set both the MREG and PREG attributes to 1 when performing multiply functions.
Related violations: <none>

DPOP-4#4 Warning
MREG Output pipelining  
DSP g_crow[0].g_ccol[0].u_cluster/u_matmul_unit/einsum_mat_vec_return0 multiplier stage g_crow[0].g_ccol[0].u_cluster/u_matmul_unit/einsum_mat_vec_return0/P[47:0] is not pipelined (MREG=0). Pipelining the multiplier function will improve performance and will save significant power so it is suggested whenever possible to fully pipeline this function.  If this multiplier was inferred, it is suggested to describe an additional register stage after this function.  If there is no registered adder/accumulator following the multiply function, two pipeline stages are suggested to allow both the MREG and PREG registers to be used.  If the DSP48 was instantiated in the design, it is suggested to set both the MREG and PREG attributes to 1 when performing multiply functions.
Related violations: <none>

DPOP-4#5 Warning
MREG Output pipelining  
DSP g_crow[0].g_ccol[0].u_cluster/u_matmul_unit/einsum_mat_vec_return0__0 multiplier stage g_crow[0].g_ccol[0].u_cluster/u_matmul_unit/einsum_mat_vec_return0__0/P[47:0] is not pipelined (MREG=0). Pipelining the multiplier function will improve performance and will save significant power so it is suggested whenever possible to fully pipeline this function.  If this multiplier was inferred, it is suggested to describe an additional register stage after this function.  If there is no registered adder/accumulator following the multiply function, two pipeline stages are suggested to allow both the MREG and PREG registers to be used.  If the DSP48 was instantiated in the design, it is suggested to set both the MREG and PREG attributes to 1 when performing multiply functions.
Related violations: <none>

DPOP-4#6 Warning
MREG Output pipelining  
DSP g_crow[0].g_ccol[0].u_cluster/u_matmul_unit/einsum_outer_return0 multiplier stage g_crow[0].g_ccol[0].u_cluster/u_matmul_unit/einsum_outer_return0/P[47:0] is not pipelined (MREG=0). Pipelining the multiplier function will improve performance and will save significant power so it is suggested whenever possible to fully pipeline this function.  If this multiplier was inferred, it is suggested to describe an additional register stage after this function.  If there is no registered adder/accumulator following the multiply function, two pipeline stages are suggested to allow both the MREG and PREG registers to be used.  If the DSP48 was instantiated in the design, it is suggested to set both the MREG and PREG attributes to 1 when performing multiply functions.
Related violations: <none>

DPOP-4#7 Warning
MREG Output pipelining  
DSP g_crow[0].g_ccol[0].u_cluster/u_matmul_unit/euclid_norm_sq_return0 multiplier stage g_crow[0].g_ccol[0].u_cluster/u_matmul_unit/euclid_norm_sq_return0/P[47:0] is not pipelined (MREG=0). Pipelining the multiplier function will improve performance and will save significant power so it is suggested whenever possible to fully pipeline this function.  If this multiplier was inferred, it is suggested to describe an additional register stage after this function.  If there is no registered adder/accumulator following the multiply function, two pipeline stages are suggested to allow both the MREG and PREG registers to be used.  If the DSP48 was instantiated in the design, it is suggested to set both the MREG and PREG attributes to 1 when performing multiply functions.
Related violations: <none>

DPOP-4#8 Warning
MREG Output pipelining  
DSP g_crow[0].g_ccol[0].u_cluster/u_matmul_unit/euclid_norm_sq_return0__0 multiplier stage g_crow[0].g_ccol[0].u_cluster/u_matmul_unit/euclid_norm_sq_return0__0/P[47:0] is not pipelined (MREG=0). Pipelining the multiplier function will improve performance and will save significant power so it is suggested whenever possible to fully pipeline this function.  If this multiplier was inferred, it is suggested to describe an additional register stage after this function.  If there is no registered adder/accumulator following the multiply function, two pipeline stages are suggested to allow both the MREG and PREG registers to be used.  If the DSP48 was instantiated in the design, it is suggested to set both the MREG and PREG attributes to 1 when performing multiply functions.
Related violations: <none>

DPOP-4#9 Warning
MREG Output pipelining  
DSP g_crow[0].g_ccol[0].u_cluster/u_matmul_unit/euclid_norm_sq_return0__1 multiplier stage g_crow[0].g_ccol[0].u_cluster/u_matmul_unit/euclid_norm_sq_return0__1/P[47:0] is not pipelined (MREG=0). Pipelining the multiplier function will improve performance and will save significant power so it is suggested whenever possible to fully pipeline this function.  If this multiplier was inferred, it is suggested to describe an additional register stage after this function.  If there is no registered adder/accumulator following the multiply function, two pipeline stages are suggested to allow both the MREG and PREG registers to be used.  If the DSP48 was instantiated in the design, it is suggested to set both the MREG and PREG attributes to 1 when performing multiply functions.
Related violations: <none>

DPOP-4#10 Warning
MREG Output pipelining  
DSP g_crow[0].g_ccol[0].u_cluster/u_matmul_unit/euclid_norm_sq_return0__2 multiplier stage g_crow[0].g_ccol[0].u_cluster/u_matmul_unit/euclid_norm_sq_return0__2/P[47:0] is not pipelined (MREG=0). Pipelining the multiplier function will improve performance and will save significant power so it is suggested whenever possible to fully pipeline this function.  If this multiplier was inferred, it is suggested to describe an additional register stage after this function.  If there is no registered adder/accumulator following the multiply function, two pipeline stages are suggested to allow both the MREG and PREG registers to be used.  If the DSP48 was instantiated in the design, it is suggested to set both the MREG and PREG attributes to 1 when performing multiply functions.
Related violations: <none>

DPOP-4#11 Warning
MREG Output pipelining  
DSP g_crow[0].g_ccol[0].u_cluster/u_matmul_unit/euclid_norm_sq_return0__3 multiplier stage g_crow[0].g_ccol[0].u_cluster/u_matmul_unit/euclid_norm_sq_return0__3/P[47:0] is not pipelined (MREG=0). Pipelining the multiplier function will improve performance and will save significant power so it is suggested whenever possible to fully pipeline this function.  If this multiplier was inferred, it is suggested to describe an additional register stage after this function.  If there is no registered adder/accumulator following the multiply function, two pipeline stages are suggested to allow both the MREG and PREG registers to be used.  If the DSP48 was instantiated in the design, it is suggested to set both the MREG and PREG attributes to 1 when performing multiply functions.
Related violations: <none>

DPOP-4#12 Warning
MREG Output pipelining  
DSP g_crow[0].g_ccol[0].u_cluster/u_matmul_unit/euclid_norm_sq_return0__4 multiplier stage g_crow[0].g_ccol[0].u_cluster/u_matmul_unit/euclid_norm_sq_return0__4/P[47:0] is not pipelined (MREG=0). Pipelining the multiplier function will improve performance and will save significant power so it is suggested whenever possible to fully pipeline this function.  If this multiplier was inferred, it is suggested to describe an additional register stage after this function.  If there is no registered adder/accumulator following the multiply function, two pipeline stages are suggested to allow both the MREG and PREG registers to be used.  If the DSP48 was instantiated in the design, it is suggested to set both the MREG and PREG attributes to 1 when performing multiply functions.
Related violations: <none>

DPOP-4#13 Warning
MREG Output pipelining  
DSP g_crow[0].g_ccol[0].u_cluster/u_matmul_unit/euclid_norm_sq_return0__5 multiplier stage g_crow[0].g_ccol[0].u_cluster/u_matmul_unit/euclid_norm_sq_return0__5/P[47:0] is not pipelined (MREG=0). Pipelining the multiplier function will improve performance and will save significant power so it is suggested whenever possible to fully pipeline this function.  If this multiplier was inferred, it is suggested to describe an additional register stage after this function.  If there is no registered adder/accumulator following the multiply function, two pipeline stages are suggested to allow both the MREG and PREG registers to be used.  If the DSP48 was instantiated in the design, it is suggested to set both the MREG and PREG attributes to 1 when performing multiply functions.
Related violations: <none>

DPOP-4#14 Warning
MREG Output pipelining  
DSP g_crow[0].g_ccol[0].u_cluster/u_matmul_unit/euclid_norm_sq_return0__6 multiplier stage g_crow[0].g_ccol[0].u_cluster/u_matmul_unit/euclid_norm_sq_return0__6/P[47:0] is not pipelined (MREG=0). Pipelining the multiplier function will improve performance and will save significant power so it is suggested whenever possible to fully pipeline this function.  If this multiplier was inferred, it is suggested to describe an additional register stage after this function.  If there is no registered adder/accumulator following the multiply function, two pipeline stages are suggested to allow both the MREG and PREG registers to be used.  If the DSP48 was instantiated in the design, it is suggested to set both the MREG and PREG attributes to 1 when performing multiply functions.
Related violations: <none>

DPOP-4#15 Warning
MREG Output pipelining  
DSP g_crow[0].g_ccol[0].u_cluster/u_matmul_unit/matmul_func_return0 multiplier stage g_crow[0].g_ccol[0].u_cluster/u_matmul_unit/matmul_func_return0/P[47:0] is not pipelined (MREG=0). Pipelining the multiplier function will improve performance and will save significant power so it is suggested whenever possible to fully pipeline this function.  If this multiplier was inferred, it is suggested to describe an additional register stage after this function.  If there is no registered adder/accumulator following the multiply function, two pipeline stages are suggested to allow both the MREG and PREG registers to be used.  If the DSP48 was instantiated in the design, it is suggested to set both the MREG and PREG attributes to 1 when performing multiply functions.
Related violations: <none>

DPOP-4#16 Warning
MREG Output pipelining  
DSP g_crow[0].g_ccol[0].u_cluster/u_matmul_unit/matmul_func_return0__0 multiplier stage g_crow[0].g_ccol[0].u_cluster/u_matmul_unit/matmul_func_return0__0/P[47:0] is not pipelined (MREG=0). Pipelining the multiplier function will improve performance and will save significant power so it is suggested whenever possible to fully pipeline this function.  If this multiplier was inferred, it is suggested to describe an additional register stage after this function.  If there is no registered adder/accumulator following the multiply function, two pipeline stages are suggested to allow both the MREG and PREG registers to be used.  If the DSP48 was instantiated in the design, it is suggested to set both the MREG and PREG attributes to 1 when performing multiply functions.
Related violations: <none>

DPOP-4#17 Warning
MREG Output pipelining  
DSP g_crow[0].g_ccol[0].u_cluster/u_matmul_unit/matmul_func_return0__1 multiplier stage g_crow[0].g_ccol[0].u_cluster/u_matmul_unit/matmul_func_return0__1/P[47:0] is not pipelined (MREG=0). Pipelining the multiplier function will improve performance and will save significant power so it is suggested whenever possible to fully pipeline this function.  If this multiplier was inferred, it is suggested to describe an additional register stage after this function.  If there is no registered adder/accumulator following the multiply function, two pipeline stages are suggested to allow both the MREG and PREG registers to be used.  If the DSP48 was instantiated in the design, it is suggested to set both the MREG and PREG attributes to 1 when performing multiply functions.
Related violations: <none>

DPOP-4#18 Warning
MREG Output pipelining  
DSP g_crow[0].g_ccol[0].u_cluster/u_matmul_unit/matmul_func_return0__2 multiplier stage g_crow[0].g_ccol[0].u_cluster/u_matmul_unit/matmul_func_return0__2/P[47:0] is not pipelined (MREG=0). Pipelining the multiplier function will improve performance and will save significant power so it is suggested whenever possible to fully pipeline this function.  If this multiplier was inferred, it is suggested to describe an additional register stage after this function.  If there is no registered adder/accumulator following the multiply function, two pipeline stages are suggested to allow both the MREG and PREG registers to be used.  If the DSP48 was instantiated in the design, it is suggested to set both the MREG and PREG attributes to 1 when performing multiply functions.
Related violations: <none>

DPOP-4#19 Warning
MREG Output pipelining  
DSP g_crow[0].g_ccol[0].u_cluster/u_matmul_unit/matmul_func_return1 multiplier stage g_crow[0].g_ccol[0].u_cluster/u_matmul_unit/matmul_func_return1/P[47:0] is not pipelined (MREG=0). Pipelining the multiplier function will improve performance and will save significant power so it is suggested whenever possible to fully pipeline this function.  If this multiplier was inferred, it is suggested to describe an additional register stage after this function.  If there is no registered adder/accumulator following the multiply function, two pipeline stages are suggested to allow both the MREG and PREG registers to be used.  If the DSP48 was instantiated in the design, it is suggested to set both the MREG and PREG attributes to 1 when performing multiply functions.
Related violations: <none>

DPOP-4#20 Warning
MREG Output pipelining  
DSP g_crow[0].g_ccol[0].u_cluster/u_matmul_unit/matmul_func_return1__0 multiplier stage g_crow[0].g_ccol[0].u_cluster/u_matmul_unit/matmul_func_return1__0/P[47:0] is not pipelined (MREG=0). Pipelining the multiplier function will improve performance and will save significant power so it is suggested whenever possible to fully pipeline this function.  If this multiplier was inferred, it is suggested to describe an additional register stage after this function.  If there is no registered adder/accumulator following the multiply function, two pipeline stages are suggested to allow both the MREG and PREG registers to be used.  If the DSP48 was instantiated in the design, it is suggested to set both the MREG and PREG attributes to 1 when performing multiply functions.
Related violations: <none>

DPOP-4#21 Warning
MREG Output pipelining  
DSP g_crow[0].g_ccol[0].u_cluster/u_matmul_unit/matmul_func_return1__1 multiplier stage g_crow[0].g_ccol[0].u_cluster/u_matmul_unit/matmul_func_return1__1/P[47:0] is not pipelined (MREG=0). Pipelining the multiplier function will improve performance and will save significant power so it is suggested whenever possible to fully pipeline this function.  If this multiplier was inferred, it is suggested to describe an additional register stage after this function.  If there is no registered adder/accumulator following the multiply function, two pipeline stages are suggested to allow both the MREG and PREG registers to be used.  If the DSP48 was instantiated in the design, it is suggested to set both the MREG and PREG attributes to 1 when performing multiply functions.
Related violations: <none>

DPOP-4#22 Warning
MREG Output pipelining  
DSP g_crow[0].g_ccol[0].u_cluster/u_matmul_unit/matmul_func_return1__2 multiplier stage g_crow[0].g_ccol[0].u_cluster/u_matmul_unit/matmul_func_return1__2/P[47:0] is not pipelined (MREG=0). Pipelining the multiplier function will improve performance and will save significant power so it is suggested whenever possible to fully pipeline this function.  If this multiplier was inferred, it is suggested to describe an additional register stage after this function.  If there is no registered adder/accumulator following the multiply function, two pipeline stages are suggested to allow both the MREG and PREG registers to be used.  If the DSP48 was instantiated in the design, it is suggested to set both the MREG and PREG attributes to 1 when performing multiply functions.
Related violations: <none>

DPOP-4#23 Warning
MREG Output pipelining  
DSP g_crow[0].g_ccol[0].u_cluster/u_matmul_unit/matmul_func_return1__3 multiplier stage g_crow[0].g_ccol[0].u_cluster/u_matmul_unit/matmul_func_return1__3/P[47:0] is not pipelined (MREG=0). Pipelining the multiplier function will improve performance and will save significant power so it is suggested whenever possible to fully pipeline this function.  If this multiplier was inferred, it is suggested to describe an additional register stage after this function.  If there is no registered adder/accumulator following the multiply function, two pipeline stages are suggested to allow both the MREG and PREG registers to be used.  If the DSP48 was instantiated in the design, it is suggested to set both the MREG and PREG attributes to 1 when performing multiply functions.
Related violations: <none>

DPOP-4#24 Warning
MREG Output pipelining  
DSP g_crow[0].g_ccol[0].u_cluster/u_matmul_unit/mul_result_p20__0 multiplier stage g_crow[0].g_ccol[0].u_cluster/u_matmul_unit/mul_result_p20__0/P[47:0] is not pipelined (MREG=0). Pipelining the multiplier function will improve performance and will save significant power so it is suggested whenever possible to fully pipeline this function.  If this multiplier was inferred, it is suggested to describe an additional register stage after this function.  If there is no registered adder/accumulator following the multiply function, two pipeline stages are suggested to allow both the MREG and PREG registers to be used.  If the DSP48 was instantiated in the design, it is suggested to set both the MREG and PREG attributes to 1 when performing multiply functions.
Related violations: <none>

DPOP-4#25 Warning
MREG Output pipelining  
DSP g_crow[0].g_ccol[0].u_cluster/u_matmul_unit/mul_result_p20__2 multiplier stage g_crow[0].g_ccol[0].u_cluster/u_matmul_unit/mul_result_p20__2/P[47:0] is not pipelined (MREG=0). Pipelining the multiplier function will improve performance and will save significant power so it is suggested whenever possible to fully pipeline this function.  If this multiplier was inferred, it is suggested to describe an additional register stage after this function.  If there is no registered adder/accumulator following the multiply function, two pipeline stages are suggested to allow both the MREG and PREG registers to be used.  If the DSP48 was instantiated in the design, it is suggested to set both the MREG and PREG attributes to 1 when performing multiply functions.
Related violations: <none>

DPOP-4#26 Warning
MREG Output pipelining  
DSP g_crow[0].g_ccol[0].u_cluster/u_matmul_unit/mul_result_p20__4 multiplier stage g_crow[0].g_ccol[0].u_cluster/u_matmul_unit/mul_result_p20__4/P[47:0] is not pipelined (MREG=0). Pipelining the multiplier function will improve performance and will save significant power so it is suggested whenever possible to fully pipeline this function.  If this multiplier was inferred, it is suggested to describe an additional register stage after this function.  If there is no registered adder/accumulator following the multiply function, two pipeline stages are suggested to allow both the MREG and PREG registers to be used.  If the DSP48 was instantiated in the design, it is suggested to set both the MREG and PREG attributes to 1 when performing multiply functions.
Related violations: <none>

DPOP-4#27 Warning
MREG Output pipelining  
DSP g_crow[0].g_ccol[0].u_cluster/u_matmul_unit/mul_result_p20__5 multiplier stage g_crow[0].g_ccol[0].u_cluster/u_matmul_unit/mul_result_p20__5/P[47:0] is not pipelined (MREG=0). Pipelining the multiplier function will improve performance and will save significant power so it is suggested whenever possible to fully pipeline this function.  If this multiplier was inferred, it is suggested to describe an additional register stage after this function.  If there is no registered adder/accumulator following the multiply function, two pipeline stages are suggested to allow both the MREG and PREG registers to be used.  If the DSP48 was instantiated in the design, it is suggested to set both the MREG and PREG attributes to 1 when performing multiply functions.
Related violations: <none>

DPOP-4#28 Warning
MREG Output pipelining  
DSP g_crow[0].g_ccol[0].u_cluster/u_matmul_unit/mul_result_p20__7 multiplier stage g_crow[0].g_ccol[0].u_cluster/u_matmul_unit/mul_result_p20__7/P[47:0] is not pipelined (MREG=0). Pipelining the multiplier function will improve performance and will save significant power so it is suggested whenever possible to fully pipeline this function.  If this multiplier was inferred, it is suggested to describe an additional register stage after this function.  If there is no registered adder/accumulator following the multiply function, two pipeline stages are suggested to allow both the MREG and PREG registers to be used.  If the DSP48 was instantiated in the design, it is suggested to set both the MREG and PREG attributes to 1 when performing multiply functions.
Related violations: <none>

DPOP-4#29 Warning
MREG Output pipelining  
DSP g_crow[0].g_ccol[0].u_cluster/u_matmul_unit/mul_result_p20__8 multiplier stage g_crow[0].g_ccol[0].u_cluster/u_matmul_unit/mul_result_p20__8/P[47:0] is not pipelined (MREG=0). Pipelining the multiplier function will improve performance and will save significant power so it is suggested whenever possible to fully pipeline this function.  If this multiplier was inferred, it is suggested to describe an additional register stage after this function.  If there is no registered adder/accumulator following the multiply function, two pipeline stages are suggested to allow both the MREG and PREG registers to be used.  If the DSP48 was instantiated in the design, it is suggested to set both the MREG and PREG attributes to 1 when performing multiply functions.
Related violations: <none>

DPOP-4#30 Warning
MREG Output pipelining  
DSP g_crow[0].g_ccol[1].u_cluster/u_matmul_unit/einsum_dot_return0__1 multiplier stage g_crow[0].g_ccol[1].u_cluster/u_matmul_unit/einsum_dot_return0__1/P[47:0] is not pipelined (MREG=0). Pipelining the multiplier function will improve performance and will save significant power so it is suggested whenever possible to fully pipeline this function.  If this multiplier was inferred, it is suggested to describe an additional register stage after this function.  If there is no registered adder/accumulator following the multiply function, two pipeline stages are suggested to allow both the MREG and PREG registers to be used.  If the DSP48 was instantiated in the design, it is suggested to set both the MREG and PREG attributes to 1 when performing multiply functions.
Related violations: <none>

DPOP-4#31 Warning
MREG Output pipelining  
DSP g_crow[0].g_ccol[1].u_cluster/u_matmul_unit/einsum_hadamard_return0 multiplier stage g_crow[0].g_ccol[1].u_cluster/u_matmul_unit/einsum_hadamard_return0/P[47:0] is not pipelined (MREG=0). Pipelining the multiplier function will improve performance and will save significant power so it is suggested whenever possible to fully pipeline this function.  If this multiplier was inferred, it is suggested to describe an additional register stage after this function.  If there is no registered adder/accumulator following the multiply function, two pipeline stages are suggested to allow both the MREG and PREG registers to be used.  If the DSP48 was instantiated in the design, it is suggested to set both the MREG and PREG attributes to 1 when performing multiply functions.
Related violations: <none>

DPOP-4#32 Warning
MREG Output pipelining  
DSP g_crow[0].g_ccol[1].u_cluster/u_matmul_unit/einsum_hadamard_return0__0 multiplier stage g_crow[0].g_ccol[1].u_cluster/u_matmul_unit/einsum_hadamard_return0__0/P[47:0] is not pipelined (MREG=0). Pipelining the multiplier function will improve performance and will save significant power so it is suggested whenever possible to fully pipeline this function.  If this multiplier was inferred, it is suggested to describe an additional register stage after this function.  If there is no registered adder/accumulator following the multiply function, two pipeline stages are suggested to allow both the MREG and PREG registers to be used.  If the DSP48 was instantiated in the design, it is suggested to set both the MREG and PREG attributes to 1 when performing multiply functions.
Related violations: <none>

DPOP-4#33 Warning
MREG Output pipelining  
DSP g_crow[0].g_ccol[1].u_cluster/u_matmul_unit/einsum_mat_vec_return0 multiplier stage g_crow[0].g_ccol[1].u_cluster/u_matmul_unit/einsum_mat_vec_return0/P[47:0] is not pipelined (MREG=0). Pipelining the multiplier function will improve performance and will save significant power so it is suggested whenever possible to fully pipeline this function.  If this multiplier was inferred, it is suggested to describe an additional register stage after this function.  If there is no registered adder/accumulator following the multiply function, two pipeline stages are suggested to allow both the MREG and PREG registers to be used.  If the DSP48 was instantiated in the design, it is suggested to set both the MREG and PREG attributes to 1 when performing multiply functions.
Related violations: <none>

DPOP-4#34 Warning
MREG Output pipelining  
DSP g_crow[0].g_ccol[1].u_cluster/u_matmul_unit/einsum_mat_vec_return0__0 multiplier stage g_crow[0].g_ccol[1].u_cluster/u_matmul_unit/einsum_mat_vec_return0__0/P[47:0] is not pipelined (MREG=0). Pipelining the multiplier function will improve performance and will save significant power so it is suggested whenever possible to fully pipeline this function.  If this multiplier was inferred, it is suggested to describe an additional register stage after this function.  If there is no registered adder/accumulator following the multiply function, two pipeline stages are suggested to allow both the MREG and PREG registers to be used.  If the DSP48 was instantiated in the design, it is suggested to set both the MREG and PREG attributes to 1 when performing multiply functions.
Related violations: <none>

DPOP-4#35 Warning
MREG Output pipelining  
DSP g_crow[0].g_ccol[1].u_cluster/u_matmul_unit/einsum_outer_return0 multiplier stage g_crow[0].g_ccol[1].u_cluster/u_matmul_unit/einsum_outer_return0/P[47:0] is not pipelined (MREG=0). Pipelining the multiplier function will improve performance and will save significant power so it is suggested whenever possible to fully pipeline this function.  If this multiplier was inferred, it is suggested to describe an additional register stage after this function.  If there is no registered adder/accumulator following the multiply function, two pipeline stages are suggested to allow both the MREG and PREG registers to be used.  If the DSP48 was instantiated in the design, it is suggested to set both the MREG and PREG attributes to 1 when performing multiply functions.
Related violations: <none>

DPOP-4#36 Warning
MREG Output pipelining  
DSP g_crow[0].g_ccol[1].u_cluster/u_matmul_unit/euclid_norm_sq_return0 multiplier stage g_crow[0].g_ccol[1].u_cluster/u_matmul_unit/euclid_norm_sq_return0/P[47:0] is not pipelined (MREG=0). Pipelining the multiplier function will improve performance and will save significant power so it is suggested whenever possible to fully pipeline this function.  If this multiplier was inferred, it is suggested to describe an additional register stage after this function.  If there is no registered adder/accumulator following the multiply function, two pipeline stages are suggested to allow both the MREG and PREG registers to be used.  If the DSP48 was instantiated in the design, it is suggested to set both the MREG and PREG attributes to 1 when performing multiply functions.
Related violations: <none>

DPOP-4#37 Warning
MREG Output pipelining  
DSP g_crow[0].g_ccol[1].u_cluster/u_matmul_unit/euclid_norm_sq_return0__0 multiplier stage g_crow[0].g_ccol[1].u_cluster/u_matmul_unit/euclid_norm_sq_return0__0/P[47:0] is not pipelined (MREG=0). Pipelining the multiplier function will improve performance and will save significant power so it is suggested whenever possible to fully pipeline this function.  If this multiplier was inferred, it is suggested to describe an additional register stage after this function.  If there is no registered adder/accumulator following the multiply function, two pipeline stages are suggested to allow both the MREG and PREG registers to be used.  If the DSP48 was instantiated in the design, it is suggested to set both the MREG and PREG attributes to 1 when performing multiply functions.
Related violations: <none>

DPOP-4#38 Warning
MREG Output pipelining  
DSP g_crow[0].g_ccol[1].u_cluster/u_matmul_unit/euclid_norm_sq_return0__1 multiplier stage g_crow[0].g_ccol[1].u_cluster/u_matmul_unit/euclid_norm_sq_return0__1/P[47:0] is not pipelined (MREG=0). Pipelining the multiplier function will improve performance and will save significant power so it is suggested whenever possible to fully pipeline this function.  If this multiplier was inferred, it is suggested to describe an additional register stage after this function.  If there is no registered adder/accumulator following the multiply function, two pipeline stages are suggested to allow both the MREG and PREG registers to be used.  If the DSP48 was instantiated in the design, it is suggested to set both the MREG and PREG attributes to 1 when performing multiply functions.
Related violations: <none>

DPOP-4#39 Warning
MREG Output pipelining  
DSP g_crow[0].g_ccol[1].u_cluster/u_matmul_unit/euclid_norm_sq_return0__2 multiplier stage g_crow[0].g_ccol[1].u_cluster/u_matmul_unit/euclid_norm_sq_return0__2/P[47:0] is not pipelined (MREG=0). Pipelining the multiplier function will improve performance and will save significant power so it is suggested whenever possible to fully pipeline this function.  If this multiplier was inferred, it is suggested to describe an additional register stage after this function.  If there is no registered adder/accumulator following the multiply function, two pipeline stages are suggested to allow both the MREG and PREG registers to be used.  If the DSP48 was instantiated in the design, it is suggested to set both the MREG and PREG attributes to 1 when performing multiply functions.
Related violations: <none>

DPOP-4#40 Warning
MREG Output pipelining  
DSP g_crow[0].g_ccol[1].u_cluster/u_matmul_unit/euclid_norm_sq_return0__3 multiplier stage g_crow[0].g_ccol[1].u_cluster/u_matmul_unit/euclid_norm_sq_return0__3/P[47:0] is not pipelined (MREG=0). Pipelining the multiplier function will improve performance and will save significant power so it is suggested whenever possible to fully pipeline this function.  If this multiplier was inferred, it is suggested to describe an additional register stage after this function.  If there is no registered adder/accumulator following the multiply function, two pipeline stages are suggested to allow both the MREG and PREG registers to be used.  If the DSP48 was instantiated in the design, it is suggested to set both the MREG and PREG attributes to 1 when performing multiply functions.
Related violations: <none>

DPOP-4#41 Warning
MREG Output pipelining  
DSP g_crow[0].g_ccol[1].u_cluster/u_matmul_unit/euclid_norm_sq_return0__4 multiplier stage g_crow[0].g_ccol[1].u_cluster/u_matmul_unit/euclid_norm_sq_return0__4/P[47:0] is not pipelined (MREG=0). Pipelining the multiplier function will improve performance and will save significant power so it is suggested whenever possible to fully pipeline this function.  If this multiplier was inferred, it is suggested to describe an additional register stage after this function.  If there is no registered adder/accumulator following the multiply function, two pipeline stages are suggested to allow both the MREG and PREG registers to be used.  If the DSP48 was instantiated in the design, it is suggested to set both the MREG and PREG attributes to 1 when performing multiply functions.
Related violations: <none>

DPOP-4#42 Warning
MREG Output pipelining  
DSP g_crow[0].g_ccol[1].u_cluster/u_matmul_unit/euclid_norm_sq_return0__5 multiplier stage g_crow[0].g_ccol[1].u_cluster/u_matmul_unit/euclid_norm_sq_return0__5/P[47:0] is not pipelined (MREG=0). Pipelining the multiplier function will improve performance and will save significant power so it is suggested whenever possible to fully pipeline this function.  If this multiplier was inferred, it is suggested to describe an additional register stage after this function.  If there is no registered adder/accumulator following the multiply function, two pipeline stages are suggested to allow both the MREG and PREG registers to be used.  If the DSP48 was instantiated in the design, it is suggested to set both the MREG and PREG attributes to 1 when performing multiply functions.
Related violations: <none>

DPOP-4#43 Warning
MREG Output pipelining  
DSP g_crow[0].g_ccol[1].u_cluster/u_matmul_unit/euclid_norm_sq_return0__6 multiplier stage g_crow[0].g_ccol[1].u_cluster/u_matmul_unit/euclid_norm_sq_return0__6/P[47:0] is not pipelined (MREG=0). Pipelining the multiplier function will improve performance and will save significant power so it is suggested whenever possible to fully pipeline this function.  If this multiplier was inferred, it is suggested to describe an additional register stage after this function.  If there is no registered adder/accumulator following the multiply function, two pipeline stages are suggested to allow both the MREG and PREG registers to be used.  If the DSP48 was instantiated in the design, it is suggested to set both the MREG and PREG attributes to 1 when performing multiply functions.
Related violations: <none>

DPOP-4#44 Warning
MREG Output pipelining  
DSP g_crow[0].g_ccol[1].u_cluster/u_matmul_unit/matmul_func_return0 multiplier stage g_crow[0].g_ccol[1].u_cluster/u_matmul_unit/matmul_func_return0/P[47:0] is not pipelined (MREG=0). Pipelining the multiplier function will improve performance and will save significant power so it is suggested whenever possible to fully pipeline this function.  If this multiplier was inferred, it is suggested to describe an additional register stage after this function.  If there is no registered adder/accumulator following the multiply function, two pipeline stages are suggested to allow both the MREG and PREG registers to be used.  If the DSP48 was instantiated in the design, it is suggested to set both the MREG and PREG attributes to 1 when performing multiply functions.
Related violations: <none>

DPOP-4#45 Warning
MREG Output pipelining  
DSP g_crow[0].g_ccol[1].u_cluster/u_matmul_unit/matmul_func_return0__0 multiplier stage g_crow[0].g_ccol[1].u_cluster/u_matmul_unit/matmul_func_return0__0/P[47:0] is not pipelined (MREG=0). Pipelining the multiplier function will improve performance and will save significant power so it is suggested whenever possible to fully pipeline this function.  If this multiplier was inferred, it is suggested to describe an additional register stage after this function.  If there is no registered adder/accumulator following the multiply function, two pipeline stages are suggested to allow both the MREG and PREG registers to be used.  If the DSP48 was instantiated in the design, it is suggested to set both the MREG and PREG attributes to 1 when performing multiply functions.
Related violations: <none>

DPOP-4#46 Warning
MREG Output pipelining  
DSP g_crow[0].g_ccol[1].u_cluster/u_matmul_unit/matmul_func_return0__1 multiplier stage g_crow[0].g_ccol[1].u_cluster/u_matmul_unit/matmul_func_return0__1/P[47:0] is not pipelined (MREG=0). Pipelining the multiplier function will improve performance and will save significant power so it is suggested whenever possible to fully pipeline this function.  If this multiplier was inferred, it is suggested to describe an additional register stage after this function.  If there is no registered adder/accumulator following the multiply function, two pipeline stages are suggested to allow both the MREG and PREG registers to be used.  If the DSP48 was instantiated in the design, it is suggested to set both the MREG and PREG attributes to 1 when performing multiply functions.
Related violations: <none>

DPOP-4#47 Warning
MREG Output pipelining  
DSP g_crow[0].g_ccol[1].u_cluster/u_matmul_unit/matmul_func_return0__2 multiplier stage g_crow[0].g_ccol[1].u_cluster/u_matmul_unit/matmul_func_return0__2/P[47:0] is not pipelined (MREG=0). Pipelining the multiplier function will improve performance and will save significant power so it is suggested whenever possible to fully pipeline this function.  If this multiplier was inferred, it is suggested to describe an additional register stage after this function.  If there is no registered adder/accumulator following the multiply function, two pipeline stages are suggested to allow both the MREG and PREG registers to be used.  If the DSP48 was instantiated in the design, it is suggested to set both the MREG and PREG attributes to 1 when performing multiply functions.
Related violations: <none>

DPOP-4#48 Warning
MREG Output pipelining  
DSP g_crow[0].g_ccol[1].u_cluster/u_matmul_unit/matmul_func_return1 multiplier stage g_crow[0].g_ccol[1].u_cluster/u_matmul_unit/matmul_func_return1/P[47:0] is not pipelined (MREG=0). Pipelining the multiplier function will improve performance and will save significant power so it is suggested whenever possible to fully pipeline this function.  If this multiplier was inferred, it is suggested to describe an additional register stage after this function.  If there is no registered adder/accumulator following the multiply function, two pipeline stages are suggested to allow both the MREG and PREG registers to be used.  If the DSP48 was instantiated in the design, it is suggested to set both the MREG and PREG attributes to 1 when performing multiply functions.
Related violations: <none>

DPOP-4#49 Warning
MREG Output pipelining  
DSP g_crow[0].g_ccol[1].u_cluster/u_matmul_unit/matmul_func_return1__0 multiplier stage g_crow[0].g_ccol[1].u_cluster/u_matmul_unit/matmul_func_return1__0/P[47:0] is not pipelined (MREG=0). Pipelining the multiplier function will improve performance and will save significant power so it is suggested whenever possible to fully pipeline this function.  If this multiplier was inferred, it is suggested to describe an additional register stage after this function.  If there is no registered adder/accumulator following the multiply function, two pipeline stages are suggested to allow both the MREG and PREG registers to be used.  If the DSP48 was instantiated in the design, it is suggested to set both the MREG and PREG attributes to 1 when performing multiply functions.
Related violations: <none>

DPOP-4#50 Warning
MREG Output pipelining  
DSP g_crow[0].g_ccol[1].u_cluster/u_matmul_unit/matmul_func_return1__1 multiplier stage g_crow[0].g_ccol[1].u_cluster/u_matmul_unit/matmul_func_return1__1/P[47:0] is not pipelined (MREG=0). Pipelining the multiplier function will improve performance and will save significant power so it is suggested whenever possible to fully pipeline this function.  If this multiplier was inferred, it is suggested to describe an additional register stage after this function.  If there is no registered adder/accumulator following the multiply function, two pipeline stages are suggested to allow both the MREG and PREG registers to be used.  If the DSP48 was instantiated in the design, it is suggested to set both the MREG and PREG attributes to 1 when performing multiply functions.
Related violations: <none>

DPOP-4#51 Warning
MREG Output pipelining  
DSP g_crow[0].g_ccol[1].u_cluster/u_matmul_unit/matmul_func_return1__2 multiplier stage g_crow[0].g_ccol[1].u_cluster/u_matmul_unit/matmul_func_return1__2/P[47:0] is not pipelined (MREG=0). Pipelining the multiplier function will improve performance and will save significant power so it is suggested whenever possible to fully pipeline this function.  If this multiplier was inferred, it is suggested to describe an additional register stage after this function.  If there is no registered adder/accumulator following the multiply function, two pipeline stages are suggested to allow both the MREG and PREG registers to be used.  If the DSP48 was instantiated in the design, it is suggested to set both the MREG and PREG attributes to 1 when performing multiply functions.
Related violations: <none>

DPOP-4#52 Warning
MREG Output pipelining  
DSP g_crow[0].g_ccol[1].u_cluster/u_matmul_unit/matmul_func_return1__3 multiplier stage g_crow[0].g_ccol[1].u_cluster/u_matmul_unit/matmul_func_return1__3/P[47:0] is not pipelined (MREG=0). Pipelining the multiplier function will improve performance and will save significant power so it is suggested whenever possible to fully pipeline this function.  If this multiplier was inferred, it is suggested to describe an additional register stage after this function.  If there is no registered adder/accumulator following the multiply function, two pipeline stages are suggested to allow both the MREG and PREG registers to be used.  If the DSP48 was instantiated in the design, it is suggested to set both the MREG and PREG attributes to 1 when performing multiply functions.
Related violations: <none>

DPOP-4#53 Warning
MREG Output pipelining  
DSP g_crow[0].g_ccol[1].u_cluster/u_matmul_unit/mul_result_p20__0 multiplier stage g_crow[0].g_ccol[1].u_cluster/u_matmul_unit/mul_result_p20__0/P[47:0] is not pipelined (MREG=0). Pipelining the multiplier function will improve performance and will save significant power so it is suggested whenever possible to fully pipeline this function.  If this multiplier was inferred, it is suggested to describe an additional register stage after this function.  If there is no registered adder/accumulator following the multiply function, two pipeline stages are suggested to allow both the MREG and PREG registers to be used.  If the DSP48 was instantiated in the design, it is suggested to set both the MREG and PREG attributes to 1 when performing multiply functions.
Related violations: <none>

DPOP-4#54 Warning
MREG Output pipelining  
DSP g_crow[0].g_ccol[1].u_cluster/u_matmul_unit/mul_result_p20__2 multiplier stage g_crow[0].g_ccol[1].u_cluster/u_matmul_unit/mul_result_p20__2/P[47:0] is not pipelined (MREG=0). Pipelining the multiplier function will improve performance and will save significant power so it is suggested whenever possible to fully pipeline this function.  If this multiplier was inferred, it is suggested to describe an additional register stage after this function.  If there is no registered adder/accumulator following the multiply function, two pipeline stages are suggested to allow both the MREG and PREG registers to be used.  If the DSP48 was instantiated in the design, it is suggested to set both the MREG and PREG attributes to 1 when performing multiply functions.
Related violations: <none>

DPOP-4#55 Warning
MREG Output pipelining  
DSP g_crow[0].g_ccol[1].u_cluster/u_matmul_unit/mul_result_p20__4 multiplier stage g_crow[0].g_ccol[1].u_cluster/u_matmul_unit/mul_result_p20__4/P[47:0] is not pipelined (MREG=0). Pipelining the multiplier function will improve performance and will save significant power so it is suggested whenever possible to fully pipeline this function.  If this multiplier was inferred, it is suggested to describe an additional register stage after this function.  If there is no registered adder/accumulator following the multiply function, two pipeline stages are suggested to allow both the MREG and PREG registers to be used.  If the DSP48 was instantiated in the design, it is suggested to set both the MREG and PREG attributes to 1 when performing multiply functions.
Related violations: <none>

DPOP-4#56 Warning
MREG Output pipelining  
DSP g_crow[0].g_ccol[1].u_cluster/u_matmul_unit/mul_result_p20__5 multiplier stage g_crow[0].g_ccol[1].u_cluster/u_matmul_unit/mul_result_p20__5/P[47:0] is not pipelined (MREG=0). Pipelining the multiplier function will improve performance and will save significant power so it is suggested whenever possible to fully pipeline this function.  If this multiplier was inferred, it is suggested to describe an additional register stage after this function.  If there is no registered adder/accumulator following the multiply function, two pipeline stages are suggested to allow both the MREG and PREG registers to be used.  If the DSP48 was instantiated in the design, it is suggested to set both the MREG and PREG attributes to 1 when performing multiply functions.
Related violations: <none>

DPOP-4#57 Warning
MREG Output pipelining  
DSP g_crow[0].g_ccol[1].u_cluster/u_matmul_unit/mul_result_p20__7 multiplier stage g_crow[0].g_ccol[1].u_cluster/u_matmul_unit/mul_result_p20__7/P[47:0] is not pipelined (MREG=0). Pipelining the multiplier function will improve performance and will save significant power so it is suggested whenever possible to fully pipeline this function.  If this multiplier was inferred, it is suggested to describe an additional register stage after this function.  If there is no registered adder/accumulator following the multiply function, two pipeline stages are suggested to allow both the MREG and PREG registers to be used.  If the DSP48 was instantiated in the design, it is suggested to set both the MREG and PREG attributes to 1 when performing multiply functions.
Related violations: <none>

DPOP-4#58 Warning
MREG Output pipelining  
DSP g_crow[0].g_ccol[1].u_cluster/u_matmul_unit/mul_result_p20__8 multiplier stage g_crow[0].g_ccol[1].u_cluster/u_matmul_unit/mul_result_p20__8/P[47:0] is not pipelined (MREG=0). Pipelining the multiplier function will improve performance and will save significant power so it is suggested whenever possible to fully pipeline this function.  If this multiplier was inferred, it is suggested to describe an additional register stage after this function.  If there is no registered adder/accumulator following the multiply function, two pipeline stages are suggested to allow both the MREG and PREG registers to be used.  If the DSP48 was instantiated in the design, it is suggested to set both the MREG and PREG attributes to 1 when performing multiply functions.
Related violations: <none>

DPOP-4#59 Warning
MREG Output pipelining  
DSP g_crow[1].g_ccol[0].u_cluster/u_matmul_unit/einsum_dot_return0__1 multiplier stage g_crow[1].g_ccol[0].u_cluster/u_matmul_unit/einsum_dot_return0__1/P[47:0] is not pipelined (MREG=0). Pipelining the multiplier function will improve performance and will save significant power so it is suggested whenever possible to fully pipeline this function.  If this multiplier was inferred, it is suggested to describe an additional register stage after this function.  If there is no registered adder/accumulator following the multiply function, two pipeline stages are suggested to allow both the MREG and PREG registers to be used.  If the DSP48 was instantiated in the design, it is suggested to set both the MREG and PREG attributes to 1 when performing multiply functions.
Related violations: <none>

DPOP-4#60 Warning
MREG Output pipelining  
DSP g_crow[1].g_ccol[0].u_cluster/u_matmul_unit/einsum_hadamard_return0 multiplier stage g_crow[1].g_ccol[0].u_cluster/u_matmul_unit/einsum_hadamard_return0/P[47:0] is not pipelined (MREG=0). Pipelining the multiplier function will improve performance and will save significant power so it is suggested whenever possible to fully pipeline this function.  If this multiplier was inferred, it is suggested to describe an additional register stage after this function.  If there is no registered adder/accumulator following the multiply function, two pipeline stages are suggested to allow both the MREG and PREG registers to be used.  If the DSP48 was instantiated in the design, it is suggested to set both the MREG and PREG attributes to 1 when performing multiply functions.
Related violations: <none>

DPOP-4#61 Warning
MREG Output pipelining  
DSP g_crow[1].g_ccol[0].u_cluster/u_matmul_unit/einsum_hadamard_return0__0 multiplier stage g_crow[1].g_ccol[0].u_cluster/u_matmul_unit/einsum_hadamard_return0__0/P[47:0] is not pipelined (MREG=0). Pipelining the multiplier function will improve performance and will save significant power so it is suggested whenever possible to fully pipeline this function.  If this multiplier was inferred, it is suggested to describe an additional register stage after this function.  If there is no registered adder/accumulator following the multiply function, two pipeline stages are suggested to allow both the MREG and PREG registers to be used.  If the DSP48 was instantiated in the design, it is suggested to set both the MREG and PREG attributes to 1 when performing multiply functions.
Related violations: <none>

DPOP-4#62 Warning
MREG Output pipelining  
DSP g_crow[1].g_ccol[0].u_cluster/u_matmul_unit/einsum_mat_vec_return0 multiplier stage g_crow[1].g_ccol[0].u_cluster/u_matmul_unit/einsum_mat_vec_return0/P[47:0] is not pipelined (MREG=0). Pipelining the multiplier function will improve performance and will save significant power so it is suggested whenever possible to fully pipeline this function.  If this multiplier was inferred, it is suggested to describe an additional register stage after this function.  If there is no registered adder/accumulator following the multiply function, two pipeline stages are suggested to allow both the MREG and PREG registers to be used.  If the DSP48 was instantiated in the design, it is suggested to set both the MREG and PREG attributes to 1 when performing multiply functions.
Related violations: <none>

DPOP-4#63 Warning
MREG Output pipelining  
DSP g_crow[1].g_ccol[0].u_cluster/u_matmul_unit/einsum_mat_vec_return0__0 multiplier stage g_crow[1].g_ccol[0].u_cluster/u_matmul_unit/einsum_mat_vec_return0__0/P[47:0] is not pipelined (MREG=0). Pipelining the multiplier function will improve performance and will save significant power so it is suggested whenever possible to fully pipeline this function.  If this multiplier was inferred, it is suggested to describe an additional register stage after this function.  If there is no registered adder/accumulator following the multiply function, two pipeline stages are suggested to allow both the MREG and PREG registers to be used.  If the DSP48 was instantiated in the design, it is suggested to set both the MREG and PREG attributes to 1 when performing multiply functions.
Related violations: <none>

DPOP-4#64 Warning
MREG Output pipelining  
DSP g_crow[1].g_ccol[0].u_cluster/u_matmul_unit/einsum_outer_return0 multiplier stage g_crow[1].g_ccol[0].u_cluster/u_matmul_unit/einsum_outer_return0/P[47:0] is not pipelined (MREG=0). Pipelining the multiplier function will improve performance and will save significant power so it is suggested whenever possible to fully pipeline this function.  If this multiplier was inferred, it is suggested to describe an additional register stage after this function.  If there is no registered adder/accumulator following the multiply function, two pipeline stages are suggested to allow both the MREG and PREG registers to be used.  If the DSP48 was instantiated in the design, it is suggested to set both the MREG and PREG attributes to 1 when performing multiply functions.
Related violations: <none>

DPOP-4#65 Warning
MREG Output pipelining  
DSP g_crow[1].g_ccol[0].u_cluster/u_matmul_unit/euclid_norm_sq_return0 multiplier stage g_crow[1].g_ccol[0].u_cluster/u_matmul_unit/euclid_norm_sq_return0/P[47:0] is not pipelined (MREG=0). Pipelining the multiplier function will improve performance and will save significant power so it is suggested whenever possible to fully pipeline this function.  If this multiplier was inferred, it is suggested to describe an additional register stage after this function.  If there is no registered adder/accumulator following the multiply function, two pipeline stages are suggested to allow both the MREG and PREG registers to be used.  If the DSP48 was instantiated in the design, it is suggested to set both the MREG and PREG attributes to 1 when performing multiply functions.
Related violations: <none>

DPOP-4#66 Warning
MREG Output pipelining  
DSP g_crow[1].g_ccol[0].u_cluster/u_matmul_unit/euclid_norm_sq_return0__0 multiplier stage g_crow[1].g_ccol[0].u_cluster/u_matmul_unit/euclid_norm_sq_return0__0/P[47:0] is not pipelined (MREG=0). Pipelining the multiplier function will improve performance and will save significant power so it is suggested whenever possible to fully pipeline this function.  If this multiplier was inferred, it is suggested to describe an additional register stage after this function.  If there is no registered adder/accumulator following the multiply function, two pipeline stages are suggested to allow both the MREG and PREG registers to be used.  If the DSP48 was instantiated in the design, it is suggested to set both the MREG and PREG attributes to 1 when performing multiply functions.
Related violations: <none>

DPOP-4#67 Warning
MREG Output pipelining  
DSP g_crow[1].g_ccol[0].u_cluster/u_matmul_unit/euclid_norm_sq_return0__1 multiplier stage g_crow[1].g_ccol[0].u_cluster/u_matmul_unit/euclid_norm_sq_return0__1/P[47:0] is not pipelined (MREG=0). Pipelining the multiplier function will improve performance and will save significant power so it is suggested whenever possible to fully pipeline this function.  If this multiplier was inferred, it is suggested to describe an additional register stage after this function.  If there is no registered adder/accumulator following the multiply function, two pipeline stages are suggested to allow both the MREG and PREG registers to be used.  If the DSP48 was instantiated in the design, it is suggested to set both the MREG and PREG attributes to 1 when performing multiply functions.
Related violations: <none>

DPOP-4#68 Warning
MREG Output pipelining  
DSP g_crow[1].g_ccol[0].u_cluster/u_matmul_unit/euclid_norm_sq_return0__2 multiplier stage g_crow[1].g_ccol[0].u_cluster/u_matmul_unit/euclid_norm_sq_return0__2/P[47:0] is not pipelined (MREG=0). Pipelining the multiplier function will improve performance and will save significant power so it is suggested whenever possible to fully pipeline this function.  If this multiplier was inferred, it is suggested to describe an additional register stage after this function.  If there is no registered adder/accumulator following the multiply function, two pipeline stages are suggested to allow both the MREG and PREG registers to be used.  If the DSP48 was instantiated in the design, it is suggested to set both the MREG and PREG attributes to 1 when performing multiply functions.
Related violations: <none>

DPOP-4#69 Warning
MREG Output pipelining  
DSP g_crow[1].g_ccol[0].u_cluster/u_matmul_unit/euclid_norm_sq_return0__3 multiplier stage g_crow[1].g_ccol[0].u_cluster/u_matmul_unit/euclid_norm_sq_return0__3/P[47:0] is not pipelined (MREG=0). Pipelining the multiplier function will improve performance and will save significant power so it is suggested whenever possible to fully pipeline this function.  If this multiplier was inferred, it is suggested to describe an additional register stage after this function.  If there is no registered adder/accumulator following the multiply function, two pipeline stages are suggested to allow both the MREG and PREG registers to be used.  If the DSP48 was instantiated in the design, it is suggested to set both the MREG and PREG attributes to 1 when performing multiply functions.
Related violations: <none>

DPOP-4#70 Warning
MREG Output pipelining  
DSP g_crow[1].g_ccol[0].u_cluster/u_matmul_unit/euclid_norm_sq_return0__4 multiplier stage g_crow[1].g_ccol[0].u_cluster/u_matmul_unit/euclid_norm_sq_return0__4/P[47:0] is not pipelined (MREG=0). Pipelining the multiplier function will improve performance and will save significant power so it is suggested whenever possible to fully pipeline this function.  If this multiplier was inferred, it is suggested to describe an additional register stage after this function.  If there is no registered adder/accumulator following the multiply function, two pipeline stages are suggested to allow both the MREG and PREG registers to be used.  If the DSP48 was instantiated in the design, it is suggested to set both the MREG and PREG attributes to 1 when performing multiply functions.
Related violations: <none>

DPOP-4#71 Warning
MREG Output pipelining  
DSP g_crow[1].g_ccol[0].u_cluster/u_matmul_unit/euclid_norm_sq_return0__5 multiplier stage g_crow[1].g_ccol[0].u_cluster/u_matmul_unit/euclid_norm_sq_return0__5/P[47:0] is not pipelined (MREG=0). Pipelining the multiplier function will improve performance and will save significant power so it is suggested whenever possible to fully pipeline this function.  If this multiplier was inferred, it is suggested to describe an additional register stage after this function.  If there is no registered adder/accumulator following the multiply function, two pipeline stages are suggested to allow both the MREG and PREG registers to be used.  If the DSP48 was instantiated in the design, it is suggested to set both the MREG and PREG attributes to 1 when performing multiply functions.
Related violations: <none>

DPOP-4#72 Warning
MREG Output pipelining  
DSP g_crow[1].g_ccol[0].u_cluster/u_matmul_unit/euclid_norm_sq_return0__6 multiplier stage g_crow[1].g_ccol[0].u_cluster/u_matmul_unit/euclid_norm_sq_return0__6/P[47:0] is not pipelined (MREG=0). Pipelining the multiplier function will improve performance and will save significant power so it is suggested whenever possible to fully pipeline this function.  If this multiplier was inferred, it is suggested to describe an additional register stage after this function.  If there is no registered adder/accumulator following the multiply function, two pipeline stages are suggested to allow both the MREG and PREG registers to be used.  If the DSP48 was instantiated in the design, it is suggested to set both the MREG and PREG attributes to 1 when performing multiply functions.
Related violations: <none>

DPOP-4#73 Warning
MREG Output pipelining  
DSP g_crow[1].g_ccol[0].u_cluster/u_matmul_unit/matmul_func_return0 multiplier stage g_crow[1].g_ccol[0].u_cluster/u_matmul_unit/matmul_func_return0/P[47:0] is not pipelined (MREG=0). Pipelining the multiplier function will improve performance and will save significant power so it is suggested whenever possible to fully pipeline this function.  If this multiplier was inferred, it is suggested to describe an additional register stage after this function.  If there is no registered adder/accumulator following the multiply function, two pipeline stages are suggested to allow both the MREG and PREG registers to be used.  If the DSP48 was instantiated in the design, it is suggested to set both the MREG and PREG attributes to 1 when performing multiply functions.
Related violations: <none>

DPOP-4#74 Warning
MREG Output pipelining  
DSP g_crow[1].g_ccol[0].u_cluster/u_matmul_unit/matmul_func_return0__0 multiplier stage g_crow[1].g_ccol[0].u_cluster/u_matmul_unit/matmul_func_return0__0/P[47:0] is not pipelined (MREG=0). Pipelining the multiplier function will improve performance and will save significant power so it is suggested whenever possible to fully pipeline this function.  If this multiplier was inferred, it is suggested to describe an additional register stage after this function.  If there is no registered adder/accumulator following the multiply function, two pipeline stages are suggested to allow both the MREG and PREG registers to be used.  If the DSP48 was instantiated in the design, it is suggested to set both the MREG and PREG attributes to 1 when performing multiply functions.
Related violations: <none>

DPOP-4#75 Warning
MREG Output pipelining  
DSP g_crow[1].g_ccol[0].u_cluster/u_matmul_unit/matmul_func_return0__1 multiplier stage g_crow[1].g_ccol[0].u_cluster/u_matmul_unit/matmul_func_return0__1/P[47:0] is not pipelined (MREG=0). Pipelining the multiplier function will improve performance and will save significant power so it is suggested whenever possible to fully pipeline this function.  If this multiplier was inferred, it is suggested to describe an additional register stage after this function.  If there is no registered adder/accumulator following the multiply function, two pipeline stages are suggested to allow both the MREG and PREG registers to be used.  If the DSP48 was instantiated in the design, it is suggested to set both the MREG and PREG attributes to 1 when performing multiply functions.
Related violations: <none>

DPOP-4#76 Warning
MREG Output pipelining  
DSP g_crow[1].g_ccol[0].u_cluster/u_matmul_unit/matmul_func_return0__2 multiplier stage g_crow[1].g_ccol[0].u_cluster/u_matmul_unit/matmul_func_return0__2/P[47:0] is not pipelined (MREG=0). Pipelining the multiplier function will improve performance and will save significant power so it is suggested whenever possible to fully pipeline this function.  If this multiplier was inferred, it is suggested to describe an additional register stage after this function.  If there is no registered adder/accumulator following the multiply function, two pipeline stages are suggested to allow both the MREG and PREG registers to be used.  If the DSP48 was instantiated in the design, it is suggested to set both the MREG and PREG attributes to 1 when performing multiply functions.
Related violations: <none>

DPOP-4#77 Warning
MREG Output pipelining  
DSP g_crow[1].g_ccol[0].u_cluster/u_matmul_unit/matmul_func_return1 multiplier stage g_crow[1].g_ccol[0].u_cluster/u_matmul_unit/matmul_func_return1/P[47:0] is not pipelined (MREG=0). Pipelining the multiplier function will improve performance and will save significant power so it is suggested whenever possible to fully pipeline this function.  If this multiplier was inferred, it is suggested to describe an additional register stage after this function.  If there is no registered adder/accumulator following the multiply function, two pipeline stages are suggested to allow both the MREG and PREG registers to be used.  If the DSP48 was instantiated in the design, it is suggested to set both the MREG and PREG attributes to 1 when performing multiply functions.
Related violations: <none>

DPOP-4#78 Warning
MREG Output pipelining  
DSP g_crow[1].g_ccol[0].u_cluster/u_matmul_unit/matmul_func_return1__0 multiplier stage g_crow[1].g_ccol[0].u_cluster/u_matmul_unit/matmul_func_return1__0/P[47:0] is not pipelined (MREG=0). Pipelining the multiplier function will improve performance and will save significant power so it is suggested whenever possible to fully pipeline this function.  If this multiplier was inferred, it is suggested to describe an additional register stage after this function.  If there is no registered adder/accumulator following the multiply function, two pipeline stages are suggested to allow both the MREG and PREG registers to be used.  If the DSP48 was instantiated in the design, it is suggested to set both the MREG and PREG attributes to 1 when performing multiply functions.
Related violations: <none>

DPOP-4#79 Warning
MREG Output pipelining  
DSP g_crow[1].g_ccol[0].u_cluster/u_matmul_unit/matmul_func_return1__1 multiplier stage g_crow[1].g_ccol[0].u_cluster/u_matmul_unit/matmul_func_return1__1/P[47:0] is not pipelined (MREG=0). Pipelining the multiplier function will improve performance and will save significant power so it is suggested whenever possible to fully pipeline this function.  If this multiplier was inferred, it is suggested to describe an additional register stage after this function.  If there is no registered adder/accumulator following the multiply function, two pipeline stages are suggested to allow both the MREG and PREG registers to be used.  If the DSP48 was instantiated in the design, it is suggested to set both the MREG and PREG attributes to 1 when performing multiply functions.
Related violations: <none>

DPOP-4#80 Warning
MREG Output pipelining  
DSP g_crow[1].g_ccol[0].u_cluster/u_matmul_unit/matmul_func_return1__2 multiplier stage g_crow[1].g_ccol[0].u_cluster/u_matmul_unit/matmul_func_return1__2/P[47:0] is not pipelined (MREG=0). Pipelining the multiplier function will improve performance and will save significant power so it is suggested whenever possible to fully pipeline this function.  If this multiplier was inferred, it is suggested to describe an additional register stage after this function.  If there is no registered adder/accumulator following the multiply function, two pipeline stages are suggested to allow both the MREG and PREG registers to be used.  If the DSP48 was instantiated in the design, it is suggested to set both the MREG and PREG attributes to 1 when performing multiply functions.
Related violations: <none>

DPOP-4#81 Warning
MREG Output pipelining  
DSP g_crow[1].g_ccol[0].u_cluster/u_matmul_unit/matmul_func_return1__3 multiplier stage g_crow[1].g_ccol[0].u_cluster/u_matmul_unit/matmul_func_return1__3/P[47:0] is not pipelined (MREG=0). Pipelining the multiplier function will improve performance and will save significant power so it is suggested whenever possible to fully pipeline this function.  If this multiplier was inferred, it is suggested to describe an additional register stage after this function.  If there is no registered adder/accumulator following the multiply function, two pipeline stages are suggested to allow both the MREG and PREG registers to be used.  If the DSP48 was instantiated in the design, it is suggested to set both the MREG and PREG attributes to 1 when performing multiply functions.
Related violations: <none>

DPOP-4#82 Warning
MREG Output pipelining  
DSP g_crow[1].g_ccol[0].u_cluster/u_matmul_unit/mul_result_p20__0 multiplier stage g_crow[1].g_ccol[0].u_cluster/u_matmul_unit/mul_result_p20__0/P[47:0] is not pipelined (MREG=0). Pipelining the multiplier function will improve performance and will save significant power so it is suggested whenever possible to fully pipeline this function.  If this multiplier was inferred, it is suggested to describe an additional register stage after this function.  If there is no registered adder/accumulator following the multiply function, two pipeline stages are suggested to allow both the MREG and PREG registers to be used.  If the DSP48 was instantiated in the design, it is suggested to set both the MREG and PREG attributes to 1 when performing multiply functions.
Related violations: <none>

DPOP-4#83 Warning
MREG Output pipelining  
DSP g_crow[1].g_ccol[0].u_cluster/u_matmul_unit/mul_result_p20__2 multiplier stage g_crow[1].g_ccol[0].u_cluster/u_matmul_unit/mul_result_p20__2/P[47:0] is not pipelined (MREG=0). Pipelining the multiplier function will improve performance and will save significant power so it is suggested whenever possible to fully pipeline this function.  If this multiplier was inferred, it is suggested to describe an additional register stage after this function.  If there is no registered adder/accumulator following the multiply function, two pipeline stages are suggested to allow both the MREG and PREG registers to be used.  If the DSP48 was instantiated in the design, it is suggested to set both the MREG and PREG attributes to 1 when performing multiply functions.
Related violations: <none>

DPOP-4#84 Warning
MREG Output pipelining  
DSP g_crow[1].g_ccol[0].u_cluster/u_matmul_unit/mul_result_p20__4 multiplier stage g_crow[1].g_ccol[0].u_cluster/u_matmul_unit/mul_result_p20__4/P[47:0] is not pipelined (MREG=0). Pipelining the multiplier function will improve performance and will save significant power so it is suggested whenever possible to fully pipeline this function.  If this multiplier was inferred, it is suggested to describe an additional register stage after this function.  If there is no registered adder/accumulator following the multiply function, two pipeline stages are suggested to allow both the MREG and PREG registers to be used.  If the DSP48 was instantiated in the design, it is suggested to set both the MREG and PREG attributes to 1 when performing multiply functions.
Related violations: <none>

DPOP-4#85 Warning
MREG Output pipelining  
DSP g_crow[1].g_ccol[0].u_cluster/u_matmul_unit/mul_result_p20__5 multiplier stage g_crow[1].g_ccol[0].u_cluster/u_matmul_unit/mul_result_p20__5/P[47:0] is not pipelined (MREG=0). Pipelining the multiplier function will improve performance and will save significant power so it is suggested whenever possible to fully pipeline this function.  If this multiplier was inferred, it is suggested to describe an additional register stage after this function.  If there is no registered adder/accumulator following the multiply function, two pipeline stages are suggested to allow both the MREG and PREG registers to be used.  If the DSP48 was instantiated in the design, it is suggested to set both the MREG and PREG attributes to 1 when performing multiply functions.
Related violations: <none>

DPOP-4#86 Warning
MREG Output pipelining  
DSP g_crow[1].g_ccol[0].u_cluster/u_matmul_unit/mul_result_p20__7 multiplier stage g_crow[1].g_ccol[0].u_cluster/u_matmul_unit/mul_result_p20__7/P[47:0] is not pipelined (MREG=0). Pipelining the multiplier function will improve performance and will save significant power so it is suggested whenever possible to fully pipeline this function.  If this multiplier was inferred, it is suggested to describe an additional register stage after this function.  If there is no registered adder/accumulator following the multiply function, two pipeline stages are suggested to allow both the MREG and PREG registers to be used.  If the DSP48 was instantiated in the design, it is suggested to set both the MREG and PREG attributes to 1 when performing multiply functions.
Related violations: <none>

DPOP-4#87 Warning
MREG Output pipelining  
DSP g_crow[1].g_ccol[0].u_cluster/u_matmul_unit/mul_result_p20__8 multiplier stage g_crow[1].g_ccol[0].u_cluster/u_matmul_unit/mul_result_p20__8/P[47:0] is not pipelined (MREG=0). Pipelining the multiplier function will improve performance and will save significant power so it is suggested whenever possible to fully pipeline this function.  If this multiplier was inferred, it is suggested to describe an additional register stage after this function.  If there is no registered adder/accumulator following the multiply function, two pipeline stages are suggested to allow both the MREG and PREG registers to be used.  If the DSP48 was instantiated in the design, it is suggested to set both the MREG and PREG attributes to 1 when performing multiply functions.
Related violations: <none>

DPOP-4#88 Warning
MREG Output pipelining  
DSP g_crow[1].g_ccol[1].u_cluster/u_matmul_unit/einsum_dot_return0__1 multiplier stage g_crow[1].g_ccol[1].u_cluster/u_matmul_unit/einsum_dot_return0__1/P[47:0] is not pipelined (MREG=0). Pipelining the multiplier function will improve performance and will save significant power so it is suggested whenever possible to fully pipeline this function.  If this multiplier was inferred, it is suggested to describe an additional register stage after this function.  If there is no registered adder/accumulator following the multiply function, two pipeline stages are suggested to allow both the MREG and PREG registers to be used.  If the DSP48 was instantiated in the design, it is suggested to set both the MREG and PREG attributes to 1 when performing multiply functions.
Related violations: <none>

DPOP-4#89 Warning
MREG Output pipelining  
DSP g_crow[1].g_ccol[1].u_cluster/u_matmul_unit/einsum_hadamard_return0 multiplier stage g_crow[1].g_ccol[1].u_cluster/u_matmul_unit/einsum_hadamard_return0/P[47:0] is not pipelined (MREG=0). Pipelining the multiplier function will improve performance and will save significant power so it is suggested whenever possible to fully pipeline this function.  If this multiplier was inferred, it is suggested to describe an additional register stage after this function.  If there is no registered adder/accumulator following the multiply function, two pipeline stages are suggested to allow both the MREG and PREG registers to be used.  If the DSP48 was instantiated in the design, it is suggested to set both the MREG and PREG attributes to 1 when performing multiply functions.
Related violations: <none>

DPOP-4#90 Warning
MREG Output pipelining  
DSP g_crow[1].g_ccol[1].u_cluster/u_matmul_unit/einsum_hadamard_return0__0 multiplier stage g_crow[1].g_ccol[1].u_cluster/u_matmul_unit/einsum_hadamard_return0__0/P[47:0] is not pipelined (MREG=0). Pipelining the multiplier function will improve performance and will save significant power so it is suggested whenever possible to fully pipeline this function.  If this multiplier was inferred, it is suggested to describe an additional register stage after this function.  If there is no registered adder/accumulator following the multiply function, two pipeline stages are suggested to allow both the MREG and PREG registers to be used.  If the DSP48 was instantiated in the design, it is suggested to set both the MREG and PREG attributes to 1 when performing multiply functions.
Related violations: <none>

DPOP-4#91 Warning
MREG Output pipelining  
DSP g_crow[1].g_ccol[1].u_cluster/u_matmul_unit/einsum_mat_vec_return0 multiplier stage g_crow[1].g_ccol[1].u_cluster/u_matmul_unit/einsum_mat_vec_return0/P[47:0] is not pipelined (MREG=0). Pipelining the multiplier function will improve performance and will save significant power so it is suggested whenever possible to fully pipeline this function.  If this multiplier was inferred, it is suggested to describe an additional register stage after this function.  If there is no registered adder/accumulator following the multiply function, two pipeline stages are suggested to allow both the MREG and PREG registers to be used.  If the DSP48 was instantiated in the design, it is suggested to set both the MREG and PREG attributes to 1 when performing multiply functions.
Related violations: <none>

DPOP-4#92 Warning
MREG Output pipelining  
DSP g_crow[1].g_ccol[1].u_cluster/u_matmul_unit/einsum_mat_vec_return0__0 multiplier stage g_crow[1].g_ccol[1].u_cluster/u_matmul_unit/einsum_mat_vec_return0__0/P[47:0] is not pipelined (MREG=0). Pipelining the multiplier function will improve performance and will save significant power so it is suggested whenever possible to fully pipeline this function.  If this multiplier was inferred, it is suggested to describe an additional register stage after this function.  If there is no registered adder/accumulator following the multiply function, two pipeline stages are suggested to allow both the MREG and PREG registers to be used.  If the DSP48 was instantiated in the design, it is suggested to set both the MREG and PREG attributes to 1 when performing multiply functions.
Related violations: <none>

DPOP-4#93 Warning
MREG Output pipelining  
DSP g_crow[1].g_ccol[1].u_cluster/u_matmul_unit/einsum_outer_return0 multiplier stage g_crow[1].g_ccol[1].u_cluster/u_matmul_unit/einsum_outer_return0/P[47:0] is not pipelined (MREG=0). Pipelining the multiplier function will improve performance and will save significant power so it is suggested whenever possible to fully pipeline this function.  If this multiplier was inferred, it is suggested to describe an additional register stage after this function.  If there is no registered adder/accumulator following the multiply function, two pipeline stages are suggested to allow both the MREG and PREG registers to be used.  If the DSP48 was instantiated in the design, it is suggested to set both the MREG and PREG attributes to 1 when performing multiply functions.
Related violations: <none>

DPOP-4#94 Warning
MREG Output pipelining  
DSP g_crow[1].g_ccol[1].u_cluster/u_matmul_unit/euclid_norm_sq_return0 multiplier stage g_crow[1].g_ccol[1].u_cluster/u_matmul_unit/euclid_norm_sq_return0/P[47:0] is not pipelined (MREG=0). Pipelining the multiplier function will improve performance and will save significant power so it is suggested whenever possible to fully pipeline this function.  If this multiplier was inferred, it is suggested to describe an additional register stage after this function.  If there is no registered adder/accumulator following the multiply function, two pipeline stages are suggested to allow both the MREG and PREG registers to be used.  If the DSP48 was instantiated in the design, it is suggested to set both the MREG and PREG attributes to 1 when performing multiply functions.
Related violations: <none>

DPOP-4#95 Warning
MREG Output pipelining  
DSP g_crow[1].g_ccol[1].u_cluster/u_matmul_unit/euclid_norm_sq_return0__0 multiplier stage g_crow[1].g_ccol[1].u_cluster/u_matmul_unit/euclid_norm_sq_return0__0/P[47:0] is not pipelined (MREG=0). Pipelining the multiplier function will improve performance and will save significant power so it is suggested whenever possible to fully pipeline this function.  If this multiplier was inferred, it is suggested to describe an additional register stage after this function.  If there is no registered adder/accumulator following the multiply function, two pipeline stages are suggested to allow both the MREG and PREG registers to be used.  If the DSP48 was instantiated in the design, it is suggested to set both the MREG and PREG attributes to 1 when performing multiply functions.
Related violations: <none>

DPOP-4#96 Warning
MREG Output pipelining  
DSP g_crow[1].g_ccol[1].u_cluster/u_matmul_unit/euclid_norm_sq_return0__1 multiplier stage g_crow[1].g_ccol[1].u_cluster/u_matmul_unit/euclid_norm_sq_return0__1/P[47:0] is not pipelined (MREG=0). Pipelining the multiplier function will improve performance and will save significant power so it is suggested whenever possible to fully pipeline this function.  If this multiplier was inferred, it is suggested to describe an additional register stage after this function.  If there is no registered adder/accumulator following the multiply function, two pipeline stages are suggested to allow both the MREG and PREG registers to be used.  If the DSP48 was instantiated in the design, it is suggested to set both the MREG and PREG attributes to 1 when performing multiply functions.
Related violations: <none>

DPOP-4#97 Warning
MREG Output pipelining  
DSP g_crow[1].g_ccol[1].u_cluster/u_matmul_unit/euclid_norm_sq_return0__2 multiplier stage g_crow[1].g_ccol[1].u_cluster/u_matmul_unit/euclid_norm_sq_return0__2/P[47:0] is not pipelined (MREG=0). Pipelining the multiplier function will improve performance and will save significant power so it is suggested whenever possible to fully pipeline this function.  If this multiplier was inferred, it is suggested to describe an additional register stage after this function.  If there is no registered adder/accumulator following the multiply function, two pipeline stages are suggested to allow both the MREG and PREG registers to be used.  If the DSP48 was instantiated in the design, it is suggested to set both the MREG and PREG attributes to 1 when performing multiply functions.
Related violations: <none>

DPOP-4#98 Warning
MREG Output pipelining  
DSP g_crow[1].g_ccol[1].u_cluster/u_matmul_unit/euclid_norm_sq_return0__3 multiplier stage g_crow[1].g_ccol[1].u_cluster/u_matmul_unit/euclid_norm_sq_return0__3/P[47:0] is not pipelined (MREG=0). Pipelining the multiplier function will improve performance and will save significant power so it is suggested whenever possible to fully pipeline this function.  If this multiplier was inferred, it is suggested to describe an additional register stage after this function.  If there is no registered adder/accumulator following the multiply function, two pipeline stages are suggested to allow both the MREG and PREG registers to be used.  If the DSP48 was instantiated in the design, it is suggested to set both the MREG and PREG attributes to 1 when performing multiply functions.
Related violations: <none>

DPOP-4#99 Warning
MREG Output pipelining  
DSP g_crow[1].g_ccol[1].u_cluster/u_matmul_unit/euclid_norm_sq_return0__4 multiplier stage g_crow[1].g_ccol[1].u_cluster/u_matmul_unit/euclid_norm_sq_return0__4/P[47:0] is not pipelined (MREG=0). Pipelining the multiplier function will improve performance and will save significant power so it is suggested whenever possible to fully pipeline this function.  If this multiplier was inferred, it is suggested to describe an additional register stage after this function.  If there is no registered adder/accumulator following the multiply function, two pipeline stages are suggested to allow both the MREG and PREG registers to be used.  If the DSP48 was instantiated in the design, it is suggested to set both the MREG and PREG attributes to 1 when performing multiply functions.
Related violations: <none>

DPOP-4#100 Warning
MREG Output pipelining  
DSP g_crow[1].g_ccol[1].u_cluster/u_matmul_unit/euclid_norm_sq_return0__5 multiplier stage g_crow[1].g_ccol[1].u_cluster/u_matmul_unit/euclid_norm_sq_return0__5/P[47:0] is not pipelined (MREG=0). Pipelining the multiplier function will improve performance and will save significant power so it is suggested whenever possible to fully pipeline this function.  If this multiplier was inferred, it is suggested to describe an additional register stage after this function.  If there is no registered adder/accumulator following the multiply function, two pipeline stages are suggested to allow both the MREG and PREG registers to be used.  If the DSP48 was instantiated in the design, it is suggested to set both the MREG and PREG attributes to 1 when performing multiply functions.
Related violations: <none>

DPOP-4#101 Warning
MREG Output pipelining  
DSP g_crow[1].g_ccol[1].u_cluster/u_matmul_unit/euclid_norm_sq_return0__6 multiplier stage g_crow[1].g_ccol[1].u_cluster/u_matmul_unit/euclid_norm_sq_return0__6/P[47:0] is not pipelined (MREG=0). Pipelining the multiplier function will improve performance and will save significant power so it is suggested whenever possible to fully pipeline this function.  If this multiplier was inferred, it is suggested to describe an additional register stage after this function.  If there is no registered adder/accumulator following the multiply function, two pipeline stages are suggested to allow both the MREG and PREG registers to be used.  If the DSP48 was instantiated in the design, it is suggested to set both the MREG and PREG attributes to 1 when performing multiply functions.
Related violations: <none>

DPOP-4#102 Warning
MREG Output pipelining  
DSP g_crow[1].g_ccol[1].u_cluster/u_matmul_unit/matmul_func_return0 multiplier stage g_crow[1].g_ccol[1].u_cluster/u_matmul_unit/matmul_func_return0/P[47:0] is not pipelined (MREG=0). Pipelining the multiplier function will improve performance and will save significant power so it is suggested whenever possible to fully pipeline this function.  If this multiplier was inferred, it is suggested to describe an additional register stage after this function.  If there is no registered adder/accumulator following the multiply function, two pipeline stages are suggested to allow both the MREG and PREG registers to be used.  If the DSP48 was instantiated in the design, it is suggested to set both the MREG and PREG attributes to 1 when performing multiply functions.
Related violations: <none>

DPOP-4#103 Warning
MREG Output pipelining  
DSP g_crow[1].g_ccol[1].u_cluster/u_matmul_unit/matmul_func_return0__0 multiplier stage g_crow[1].g_ccol[1].u_cluster/u_matmul_unit/matmul_func_return0__0/P[47:0] is not pipelined (MREG=0). Pipelining the multiplier function will improve performance and will save significant power so it is suggested whenever possible to fully pipeline this function.  If this multiplier was inferred, it is suggested to describe an additional register stage after this function.  If there is no registered adder/accumulator following the multiply function, two pipeline stages are suggested to allow both the MREG and PREG registers to be used.  If the DSP48 was instantiated in the design, it is suggested to set both the MREG and PREG attributes to 1 when performing multiply functions.
Related violations: <none>

DPOP-4#104 Warning
MREG Output pipelining  
DSP g_crow[1].g_ccol[1].u_cluster/u_matmul_unit/matmul_func_return0__1 multiplier stage g_crow[1].g_ccol[1].u_cluster/u_matmul_unit/matmul_func_return0__1/P[47:0] is not pipelined (MREG=0). Pipelining the multiplier function will improve performance and will save significant power so it is suggested whenever possible to fully pipeline this function.  If this multiplier was inferred, it is suggested to describe an additional register stage after this function.  If there is no registered adder/accumulator following the multiply function, two pipeline stages are suggested to allow both the MREG and PREG registers to be used.  If the DSP48 was instantiated in the design, it is suggested to set both the MREG and PREG attributes to 1 when performing multiply functions.
Related violations: <none>

DPOP-4#105 Warning
MREG Output pipelining  
DSP g_crow[1].g_ccol[1].u_cluster/u_matmul_unit/matmul_func_return0__2 multiplier stage g_crow[1].g_ccol[1].u_cluster/u_matmul_unit/matmul_func_return0__2/P[47:0] is not pipelined (MREG=0). Pipelining the multiplier function will improve performance and will save significant power so it is suggested whenever possible to fully pipeline this function.  If this multiplier was inferred, it is suggested to describe an additional register stage after this function.  If there is no registered adder/accumulator following the multiply function, two pipeline stages are suggested to allow both the MREG and PREG registers to be used.  If the DSP48 was instantiated in the design, it is suggested to set both the MREG and PREG attributes to 1 when performing multiply functions.
Related violations: <none>

DPOP-4#106 Warning
MREG Output pipelining  
DSP g_crow[1].g_ccol[1].u_cluster/u_matmul_unit/matmul_func_return1 multiplier stage g_crow[1].g_ccol[1].u_cluster/u_matmul_unit/matmul_func_return1/P[47:0] is not pipelined (MREG=0). Pipelining the multiplier function will improve performance and will save significant power so it is suggested whenever possible to fully pipeline this function.  If this multiplier was inferred, it is suggested to describe an additional register stage after this function.  If there is no registered adder/accumulator following the multiply function, two pipeline stages are suggested to allow both the MREG and PREG registers to be used.  If the DSP48 was instantiated in the design, it is suggested to set both the MREG and PREG attributes to 1 when performing multiply functions.
Related violations: <none>

DPOP-4#107 Warning
MREG Output pipelining  
DSP g_crow[1].g_ccol[1].u_cluster/u_matmul_unit/matmul_func_return1__0 multiplier stage g_crow[1].g_ccol[1].u_cluster/u_matmul_unit/matmul_func_return1__0/P[47:0] is not pipelined (MREG=0). Pipelining the multiplier function will improve performance and will save significant power so it is suggested whenever possible to fully pipeline this function.  If this multiplier was inferred, it is suggested to describe an additional register stage after this function.  If there is no registered adder/accumulator following the multiply function, two pipeline stages are suggested to allow both the MREG and PREG registers to be used.  If the DSP48 was instantiated in the design, it is suggested to set both the MREG and PREG attributes to 1 when performing multiply functions.
Related violations: <none>

DPOP-4#108 Warning
MREG Output pipelining  
DSP g_crow[1].g_ccol[1].u_cluster/u_matmul_unit/matmul_func_return1__1 multiplier stage g_crow[1].g_ccol[1].u_cluster/u_matmul_unit/matmul_func_return1__1/P[47:0] is not pipelined (MREG=0). Pipelining the multiplier function will improve performance and will save significant power so it is suggested whenever possible to fully pipeline this function.  If this multiplier was inferred, it is suggested to describe an additional register stage after this function.  If there is no registered adder/accumulator following the multiply function, two pipeline stages are suggested to allow both the MREG and PREG registers to be used.  If the DSP48 was instantiated in the design, it is suggested to set both the MREG and PREG attributes to 1 when performing multiply functions.
Related violations: <none>

DPOP-4#109 Warning
MREG Output pipelining  
DSP g_crow[1].g_ccol[1].u_cluster/u_matmul_unit/matmul_func_return1__2 multiplier stage g_crow[1].g_ccol[1].u_cluster/u_matmul_unit/matmul_func_return1__2/P[47:0] is not pipelined (MREG=0). Pipelining the multiplier function will improve performance and will save significant power so it is suggested whenever possible to fully pipeline this function.  If this multiplier was inferred, it is suggested to describe an additional register stage after this function.  If there is no registered adder/accumulator following the multiply function, two pipeline stages are suggested to allow both the MREG and PREG registers to be used.  If the DSP48 was instantiated in the design, it is suggested to set both the MREG and PREG attributes to 1 when performing multiply functions.
Related violations: <none>

DPOP-4#110 Warning
MREG Output pipelining  
DSP g_crow[1].g_ccol[1].u_cluster/u_matmul_unit/matmul_func_return1__3 multiplier stage g_crow[1].g_ccol[1].u_cluster/u_matmul_unit/matmul_func_return1__3/P[47:0] is not pipelined (MREG=0). Pipelining the multiplier function will improve performance and will save significant power so it is suggested whenever possible to fully pipeline this function.  If this multiplier was inferred, it is suggested to describe an additional register stage after this function.  If there is no registered adder/accumulator following the multiply function, two pipeline stages are suggested to allow both the MREG and PREG registers to be used.  If the DSP48 was instantiated in the design, it is suggested to set both the MREG and PREG attributes to 1 when performing multiply functions.
Related violations: <none>

DPOP-4#111 Warning
MREG Output pipelining  
DSP g_crow[1].g_ccol[1].u_cluster/u_matmul_unit/mul_result_p20__0 multiplier stage g_crow[1].g_ccol[1].u_cluster/u_matmul_unit/mul_result_p20__0/P[47:0] is not pipelined (MREG=0). Pipelining the multiplier function will improve performance and will save significant power so it is suggested whenever possible to fully pipeline this function.  If this multiplier was inferred, it is suggested to describe an additional register stage after this function.  If there is no registered adder/accumulator following the multiply function, two pipeline stages are suggested to allow both the MREG and PREG registers to be used.  If the DSP48 was instantiated in the design, it is suggested to set both the MREG and PREG attributes to 1 when performing multiply functions.
Related violations: <none>

DPOP-4#112 Warning
MREG Output pipelining  
DSP g_crow[1].g_ccol[1].u_cluster/u_matmul_unit/mul_result_p20__2 multiplier stage g_crow[1].g_ccol[1].u_cluster/u_matmul_unit/mul_result_p20__2/P[47:0] is not pipelined (MREG=0). Pipelining the multiplier function will improve performance and will save significant power so it is suggested whenever possible to fully pipeline this function.  If this multiplier was inferred, it is suggested to describe an additional register stage after this function.  If there is no registered adder/accumulator following the multiply function, two pipeline stages are suggested to allow both the MREG and PREG registers to be used.  If the DSP48 was instantiated in the design, it is suggested to set both the MREG and PREG attributes to 1 when performing multiply functions.
Related violations: <none>

DPOP-4#113 Warning
MREG Output pipelining  
DSP g_crow[1].g_ccol[1].u_cluster/u_matmul_unit/mul_result_p20__4 multiplier stage g_crow[1].g_ccol[1].u_cluster/u_matmul_unit/mul_result_p20__4/P[47:0] is not pipelined (MREG=0). Pipelining the multiplier function will improve performance and will save significant power so it is suggested whenever possible to fully pipeline this function.  If this multiplier was inferred, it is suggested to describe an additional register stage after this function.  If there is no registered adder/accumulator following the multiply function, two pipeline stages are suggested to allow both the MREG and PREG registers to be used.  If the DSP48 was instantiated in the design, it is suggested to set both the MREG and PREG attributes to 1 when performing multiply functions.
Related violations: <none>

DPOP-4#114 Warning
MREG Output pipelining  
DSP g_crow[1].g_ccol[1].u_cluster/u_matmul_unit/mul_result_p20__5 multiplier stage g_crow[1].g_ccol[1].u_cluster/u_matmul_unit/mul_result_p20__5/P[47:0] is not pipelined (MREG=0). Pipelining the multiplier function will improve performance and will save significant power so it is suggested whenever possible to fully pipeline this function.  If this multiplier was inferred, it is suggested to describe an additional register stage after this function.  If there is no registered adder/accumulator following the multiply function, two pipeline stages are suggested to allow both the MREG and PREG registers to be used.  If the DSP48 was instantiated in the design, it is suggested to set both the MREG and PREG attributes to 1 when performing multiply functions.
Related violations: <none>

DPOP-4#115 Warning
MREG Output pipelining  
DSP g_crow[1].g_ccol[1].u_cluster/u_matmul_unit/mul_result_p20__7 multiplier stage g_crow[1].g_ccol[1].u_cluster/u_matmul_unit/mul_result_p20__7/P[47:0] is not pipelined (MREG=0). Pipelining the multiplier function will improve performance and will save significant power so it is suggested whenever possible to fully pipeline this function.  If this multiplier was inferred, it is suggested to describe an additional register stage after this function.  If there is no registered adder/accumulator following the multiply function, two pipeline stages are suggested to allow both the MREG and PREG registers to be used.  If the DSP48 was instantiated in the design, it is suggested to set both the MREG and PREG attributes to 1 when performing multiply functions.
Related violations: <none>

DPOP-4#116 Warning
MREG Output pipelining  
DSP g_crow[1].g_ccol[1].u_cluster/u_matmul_unit/mul_result_p20__8 multiplier stage g_crow[1].g_ccol[1].u_cluster/u_matmul_unit/mul_result_p20__8/P[47:0] is not pipelined (MREG=0). Pipelining the multiplier function will improve performance and will save significant power so it is suggested whenever possible to fully pipeline this function.  If this multiplier was inferred, it is suggested to describe an additional register stage after this function.  If there is no registered adder/accumulator following the multiply function, two pipeline stages are suggested to allow both the MREG and PREG registers to be used.  If the DSP48 was instantiated in the design, it is suggested to set both the MREG and PREG attributes to 1 when performing multiply functions.
Related violations: <none>

RTSTAT-10#1 Warning
No routable loads  
212 net(s) have no routable loads. The problem bus(es) and/or net(s) are any_error_flag, any_lower_required, ext_out_opcode[7:0],
ext_out_payload[63:0], ext_out_tag[79:0], ext_out_valid, mem_addr[63:0]
mem_req.
Related violations: <none>


